"seqnames","start","gene_id","gene_name","tx","tx_strand","SNP_ID","group","cancer_type","relative_pos"
"11",118754900,"ENSG00000308658",NA,"ENST00000835569","+","rs580079","pathogenic","KIRC",443
"11",118791336,"ENSG00000278376",NA,"ENST00000610705","+","rs7933859","pathogenic","KIRC",312
"11",118791494,"ENSG00000278376",NA,"ENST00000610705","+","rs4508234","pathogenic","KIRC",470
"11",118791631,"ENSG00000278376",NA,"ENST00000610705","+","rs5006102","pathogenic","KIRC",607
"1",151281547,"ENSG00000232671","ZNF687-AS1","ENST00000661167","-","rs59912932","pathogenic","HNSC",467
"1",151281547,"ENSG00000232671","ZNF687-AS1","ENST00000661167","-","rs59912932","common","normal",467
"1",151281560,"ENSG00000232671","ZNF687-AS1","ENST00000661167","-","rs11587537","common","normal",454
"1",151281565,"ENSG00000232671","ZNF687-AS1","ENST00000661167","-","rs3811406","common","normal",449
"1",153141437,"ENSG00000301592",NA,"ENST00000780076","-","rs541364","common","normal",813
"1",153141601,"ENSG00000301592",NA,"ENST00000780076","-","rs564211","pathogenic","HNSC",649
"1",165598383,"ENSG00000236206",NA,"ENST00000654631","+","rs72696027","pathogenic","KIRC",48
"1",165598411,"ENSG00000236206",NA,"ENST00000654631","+","rs72696028","pathogenic","KIRC",76
"1",165598733,"ENSG00000236206",NA,"ENST00000840719","+","rs16847487","pathogenic","KIRC",382
"1",178017431,"ENSG00000293477","CRYZL2P","ENST00000760148","-","rs79942003","pathogenic","KIRC",79
"16",3108171,"ENSG00000263011",NA,"ENST00000806769","+","rs4785927","pathogenic","BLCA",1389
"16",31649106,"ENSG00000237185","VN1R66P","ENST00000412929","+","rs1534507","pathogenic","KIRC",800
"16",31699805,"ENSG00000260568",NA,"ENST00000563338","-","rs8062902","pathogenic","KIRC",150
"16",62770007,"ENSG00000296008",NA,"ENST00000735370","+","rs9926328","pathogenic","KICH",48
"16",77742696,"ENSG00000261707",NA,"ENST00000817334","-","rs5818080","common","normal",305
"16",77742754,"ENSG00000261707",NA,"ENST00000817334","-","rs11646710","common","normal",247
"16",77742856,"ENSG00000261707",NA,"ENST00000817334","-","rs3935513","pathogenic","HNSC",145
"16",77742856,"ENSG00000261707",NA,"ENST00000817334","-","rs3935513","common","normal",145
"16",77742979,"ENSG00000261707",NA,"ENST00000817334","-","rs4616296","common","normal",22
"16",78525910,"ENSG00000279887",NA,"ENST00000623121","-","rs2978631","pathogenic","HNSC",626
"16",78526048,"ENSG00000279887",NA,"ENST00000623121","-","rs3106330","pathogenic","HNSC",488
"16",78526055,"ENSG00000279887",NA,"ENST00000623121","-","rs3115959","pathogenic","HNSC",481
"16",78526097,"ENSG00000279887",NA,"ENST00000623121","-","rs3106331","pathogenic","HNSC",439
"2",113978169,"ENSG00000307741",NA,"ENST00000828396","-","rs77067143","common","normal",1379
"2",113978389,"ENSG00000307741",NA,"ENST00000828396","-","rs11892943","common","normal",1159
"2",113978645,"ENSG00000307741",NA,"ENST00000828396","-","rs80232461","common","normal",903
"2",113978716,"ENSG00000307741",NA,"ENST00000828396","-","rs148631474","common","normal",832
"2",113978870,"ENSG00000307741",NA,"ENST00000828396","-","rs59002325","common","normal",678
"2",113978941,"ENSG00000307741",NA,"ENST00000828396","-","rs62617784","common","normal",607
"2",113978952,"ENSG00000307741",NA,"ENST00000828396","-","rs72837203","pathogenic","BRCA",596
"2",113978952,"ENSG00000307741",NA,"ENST00000828396","-","rs72837203","common","normal",596
"2",113979089,"ENSG00000307741",NA,"ENST00000828396","-","rs141717579","common","normal",459
"2",113979149,"ENSG00000307741",NA,"ENST00000828396","-","rs72954522","common","normal",399
"2",113979199,"ENSG00000307741",NA,"ENST00000828396","-","rs79444962","common","normal",349
"2",113979295,"ENSG00000307741",NA,"ENST00000828396","-","rs538717031","common","normal",253
"2",113979363,"ENSG00000307741",NA,"ENST00000828396","-","rs10176461","common","normal",185
"2",113979384,"ENSG00000307741",NA,"ENST00000828396","-","rs186584939","common","normal",164
"2",113979420,"ENSG00000307741",NA,"ENST00000828396","-","rs10199415","common","normal",128
"2",113979547,"ENSG00000307741",NA,"ENST00000828396","-","rs17046604","common","normal",1
"2",114000355,"ENSG00000234199","LINC01191","ENST00000658731","+","rs156711","pathogenic","BRCA",563
"2",131423910,"ENSG00000306208",NA,"ENST00000816270","-","rs1059524","pathogenic","HNSC",144
"2",207680736,"ENSG00000296093",NA,"ENST00000736358","-","rs11690333","pathogenic","KIRC",136
"3",48256503,"ENSG00000229759","MRPS18AP1","ENST00000414458","-","rs34885035","pathogenic","KIRC",436
"3",48301597,"ENSG00000289043",NA,"ENST00000684930","+","rs36075665","pathogenic","KIRC",159
"3",48301771,"ENSG00000289043",NA,"ENST00000684930","+","rs34630841","pathogenic","KIRC",333
"3",48301800,"ENSG00000289043",NA,"ENST00000684930","+","rs35190747","pathogenic","KIRC",362
"3",48302218,"ENSG00000289043",NA,"ENST00000684930","+","rs7621785","pathogenic","KIRC",780
"3",48302387,"ENSG00000289043",NA,"ENST00000728237","+","rs13066758","pathogenic","KIRC",3
"3",48302430,"ENSG00000289043",NA,"ENST00000728237","+","rs4392440","pathogenic","KIRC",46
"3",48303185,"ENSG00000289043",NA,"ENST00000728237","+","rs13082859","pathogenic","KIRC",801
"3",48303959,"ENSG00000289043",NA,"ENST00000728237","+","rs35802497","pathogenic","KIRC",1575
"3",48304021,"ENSG00000289043",NA,"ENST00000728237","+","rs36121690","pathogenic","KIRC",1637
"3",197585831,"ENSG00000291091",NA,"ENST00000751214","-","rs61353631","pathogenic","KIRC",76
"3",197590278,"ENSG00000291091",NA,"ENST00000701105","-","rs59669733","pathogenic","KIRC",116
"5",88285771,"ENSG00000247828","TMEM161B-DT","ENST00000669353","+","rs4916897","pathogenic","BRCA",3169
"10",91766805,"ENSG00000228759","FAF2P1","ENST00000429974","-","rs17107019","pathogenic","CESC",392
"10",91852672,"ENSG00000302365",NA,"ENST00000786182","-","rs75129202","pathogenic","CESC",118
"12",29277961,"ENSG00000257176",NA,"ENST00000655500","-","rs7314594","pathogenic","KIRC",4670
"12",29279205,"ENSG00000257176",NA,"ENST00000655500","-","rs7979654","pathogenic","KIRC",3426
"12",29280442,"ENSG00000257176",NA,"ENST00000655500","-","rs11612182","common","normal",2189
"12",29281214,"ENSG00000257176",NA,"ENST00000655500","-","rs962866","common","normal",1417
"12",29281247,"ENSG00000257176",NA,"ENST00000655500","-","rs111594285","common","normal",1384
"12",29281401,"ENSG00000257176",NA,"ENST00000655500","-","rs59442924","common","normal",1230
"12",29281407,"ENSG00000257176",NA,"ENST00000655500","-","rs12814930","pathogenic","KIRC",1224
"12",29281407,"ENSG00000257176",NA,"ENST00000655500","-","rs12814930","common","normal",1224
"12",29282292,"ENSG00000257176",NA,"ENST00000655500","-","rs7312068","common","normal",960
"12",29282400,"ENSG00000257176",NA,"ENST00000655500","-","rs12821498","pathogenic","KIRC",852
"12",29389337,"ENSG00000257599","OVCH1-AS1","ENST00000641955","+","rs12821559","pathogenic","KIRC",57
"12",29389337,"ENSG00000257599","OVCH1-AS1","ENST00000641955","+","rs12821559","common","normal",57
"12",29389562,"ENSG00000257599","OVCH1-AS1","ENST00000641955","+","rs116016018","common","normal",282
"12",29389806,"ENSG00000257599","OVCH1-AS1","ENST00000641955","+","rs12319953","common","normal",526
"12",29391252,"ENSG00000257599","OVCH1-AS1","ENST00000641955","+","rs12811201","pathogenic","KIRC",1972
"12",29391909,"ENSG00000257599","OVCH1-AS1","ENST00000641955","+","rs12813731","pathogenic","KIRC",2629
"19",22685294,"ENSG00000198153","ZNF849P","ENST00000594711","+","rs55716469","pathogenic","BRCA",128
"19",22686181,"ENSG00000198153","ZNF849P","ENST00000594711","+","rs76090733","pathogenic","BRCA",1015
"19",37403292,"ENSG00000279936",NA,"ENST00000624962","-","rs10420430","pathogenic","KIRC",555
"19",58278993,"ENSG00000267216","ZNF8-ERVK3-1","ENST00000591325","+","rs11666156","pathogenic","HNSC",28
"19",58278993,"ENSG00000267216","ZNF8-ERVK3-1","ENST00000591325","+","rs11666156","common","normal",28
"19",58279309,"ENSG00000267216","ZNF8-ERVK3-1","ENST00000591325","+","rs437229","common","normal",344
"19",58279347,"ENSG00000267216","ZNF8-ERVK3-1","ENST00000591325","+","rs374431","common","normal",382
"19",58279418,"ENSG00000267216","ZNF8-ERVK3-1","ENST00000591325","+","rs260502","common","normal",453
"19",58279441,"ENSG00000267216","ZNF8-ERVK3-1","ENST00000591325","+","rs260501","common","normal",476
"19",58279847,"ENSG00000267216","ZNF8-ERVK3-1","ENST00000591325","+","rs260500","common","normal",882
"19",58279887,"ENSG00000267216","ZNF8-ERVK3-1","ENST00000591325","+","rs66668551","common","normal",922
"19",58279888,"ENSG00000267216","ZNF8-ERVK3-1","ENST00000591325","+","rs77570482","common","normal",923
"19",58279888,"ENSG00000267216","ZNF8-ERVK3-1","ENST00000591325","+","rs141708687","common","normal",923
"19",58280270,"ENSG00000267216","ZNF8-ERVK3-1","ENST00000591325","+","rs8105906","common","normal",1305
"19",58280350,"ENSG00000267216","ZNF8-ERVK3-1","ENST00000591325","+","rs260499","common","normal",1385
"20",31286089,"ENSG00000224628","CDK5RAP3P1","ENST00000445194","-","rs4911193","pathogenic","KIRC",747
"20",35284782,"ENSG00000235214","FAM83C-AS1","ENST00000765532","+","rs6060346","common","normal",171
"20",35284920,"ENSG00000235214","FAM83C-AS1","ENST00000765532","+","rs2425048","pathogenic","HNSC",309
"20",35285582,"ENSG00000235214","FAM83C-AS1","ENST00000765531","+","rs3215979","common","normal",776
"7",100324770,"ENSG00000291178",NA,"ENST00000674972","-","rs112659704","pathogenic","KICH",1194
"7",100328685,"ENSG00000291178",NA,"ENST00000675486","-","rs117787328","pathogenic","KICH",335
"7",100328899,"ENSG00000291178",NA,"ENST00000675486","-","rs1059129","pathogenic","KICH",121
"7",100328899,"ENSG00000291178",NA,"ENST00000675486","-","rs1059129","common","normal",121
"7",100328989,"ENSG00000291178",NA,"ENST00000675486","-","rs1059126","common","normal",31
"7",100328996,"ENSG00000291178",NA,"ENST00000675486","-","rs77203623","common","normal",24
"7",100329813,"ENSG00000291178",NA,"ENST00000686263","-","rs60750824","pathogenic","KICH",472
"7",100338804,"ENSG00000242294","STAG3L5P","ENST00000443759","+","rs3991564","pathogenic","KICH",33
"7",100338804,"ENSG00000242294","STAG3L5P","ENST00000443759","+","rs3991564","common","normal",33
"7",100341241,"ENSG00000272752","STAG3L5P-PVRIG2P-PILRB","ENST00000422479","+","rs1636980","pathogenic","KICH",414
"7",100341241,"ENSG00000272752","STAG3L5P-PVRIG2P-PILRB","ENST00000422479","+","rs1636980","common","normal",414
"7",100341305,"ENSG00000272752","STAG3L5P-PVRIG2P-PILRB","ENST00000422479","+","rs1636981","common","normal",478
"7",100345877,"ENSG00000272752","STAG3L5P-PVRIG2P-PILRB","ENST00000473757","+","rs2897136","common","normal",130
"7",100345960,"ENSG00000272752","STAG3L5P-PVRIG2P-PILRB","ENST00000473757","+","rs28495773","pathogenic","KICH",213
"7",100345960,"ENSG00000272752","STAG3L5P-PVRIG2P-PILRB","ENST00000473757","+","rs28495773","common","normal",213
"7",100349841,"ENSG00000272752","STAG3L5P-PVRIG2P-PILRB","ENST00000493499","+","rs73399601","common","normal",346
"7",100350034,"ENSG00000272752","STAG3L5P-PVRIG2P-PILRB","ENST00000493499","+","rs75636500","pathogenic","KICH",539
"7",100352591,"ENSG00000235333","PVRIG2P","ENST00000435460","+","rs140578901","common","normal",28
"7",100352674,"ENSG00000235333","PVRIG2P","ENST00000435460","+","rs7795656","pathogenic","KICH",111
"7",100352674,"ENSG00000235333","PVRIG2P","ENST00000435460","+","rs7795656","common","normal",111
"7",100352688,"ENSG00000235333","PVRIG2P","ENST00000435460","+","rs189253616","common","normal",125
"7",100352785,"ENSG00000235333","PVRIG2P","ENST00000435460","+","rs7795805","pathogenic","KICH",222
"7",100352785,"ENSG00000235333","PVRIG2P","ENST00000435460","+","rs7795805","common","normal",222
"7",100352793,"ENSG00000235333","PVRIG2P","ENST00000435460","+","rs532285838","common","normal",230
"7",100352794,"ENSG00000235333","PVRIG2P","ENST00000435460","+","rs547186306","common","normal",231
"7",100352795,"ENSG00000235333","PVRIG2P","ENST00000435460","+","rs559354079","common","normal",232
"7",100352804,"ENSG00000235333","PVRIG2P","ENST00000435460","+","rs7799894","pathogenic","KICH",241
"7",100352804,"ENSG00000235333","PVRIG2P","ENST00000435460","+","rs7799894","common","normal",241
"7",100352827,"ENSG00000235333","PVRIG2P","ENST00000435460","+","rs7799901","pathogenic","KICH",264
"7",100352827,"ENSG00000235333","PVRIG2P","ENST00000435460","+","rs7799901","common","normal",264
"7",100352885,"ENSG00000235333","PVRIG2P","ENST00000435460","+","rs7799932","pathogenic","KICH",322
"7",100352885,"ENSG00000235333","PVRIG2P","ENST00000435460","+","rs7799932","common","normal",322
"7",100353485,"ENSG00000235333","PVRIG2P","ENST00000435460","+","rs2012561","common","normal",464
"7",100353692,"ENSG00000235333","PVRIG2P","ENST00000435460","+","rs7341507","pathogenic","KICH",671
"7",100353692,"ENSG00000235333","PVRIG2P","ENST00000435460","+","rs7341507","common","normal",671
"7",100353757,"ENSG00000272752","STAG3L5P-PVRIG2P-PILRB","ENST00000310771","+","rs6968343","common","normal",760
"7",100355205,"ENSG00000272752","STAG3L5P-PVRIG2P-PILRB","ENST00000310771","+","rs76798830","pathogenic","KICH",1078
"7",100355205,"ENSG00000272752","STAG3L5P-PVRIG2P-PILRB","ENST00000310771","+","rs76798830","common","normal",1078
"7",100356770,"ENSG00000272752","STAG3L5P-PVRIG2P-PILRB","ENST00000310771","+","rs6946768","pathogenic","KICH",1134
"7",100356770,"ENSG00000272752","STAG3L5P-PVRIG2P-PILRB","ENST00000310771","+","rs6946768","common","normal",1134
"7",100356834,"ENSG00000272752","STAG3L5P-PVRIG2P-PILRB","ENST00000310771","+","rs41280971","pathogenic","KICH",1198
"7",100356834,"ENSG00000272752","STAG3L5P-PVRIG2P-PILRB","ENST00000310771","+","rs41280971","common","normal",1198
"7",100356843,"ENSG00000272752","STAG3L5P-PVRIG2P-PILRB","ENST00000310771","+","rs562895105","common","normal",1207
"7",100358243,"ENSG00000272752","STAG3L5P-PVRIG2P-PILRB","ENST00000310771","+","rs61735533","pathogenic","KICH",1271
"7",100358243,"ENSG00000272752","STAG3L5P-PVRIG2P-PILRB","ENST00000310771","+","rs61735533","common","normal",1271
"7",100359506,"ENSG00000272752","STAG3L5P-PVRIG2P-PILRB","ENST00000310771","+","rs5886120","common","normal",1564
"7",100359508,"ENSG00000272752","STAG3L5P-PVRIG2P-PILRB","ENST00000310771","+","rs5886120","pathogenic","KICH",1566
"7",100367662,"ENSG00000272752","STAG3L5P-PVRIG2P-PILRB","ENST00000310771","+","rs705866","pathogenic","KICH",1909
"7",100367662,"ENSG00000272752","STAG3L5P-PVRIG2P-PILRB","ENST00000310771","+","rs705866","common","normal",1909
"7",100367706,"ENSG00000272752","STAG3L5P-PVRIG2P-PILRB","ENST00000310771","+","rs11284139","pathogenic","KICH",1953
"7",100367706,"ENSG00000272752","STAG3L5P-PVRIG2P-PILRB","ENST00000310771","+","rs11284139","common","normal",1953
"7",100408870,"ENSG00000289691",NA,"ENST00000695703","+","rs68116612","pathogenic","KICH",417
"7",100419221,"ENSG00000289691",NA,"ENST00000695704","+","rs11763414","pathogenic","KICH",106
"7",100419831,"ENSG00000289691",NA,"ENST00000695704","+","rs7783159","pathogenic","KICH",716
"7",100419831,"ENSG00000289691",NA,"ENST00000695704","+","rs7783159","common","normal",716
"7",100482390,"ENSG00000286938",NA,"ENST00000774226","-","rs6972167","pathogenic","KICH",633
"7",100482851,"ENSG00000286938",NA,"ENST00000774226","-","rs60844404","pathogenic","KICH",172
"15",30823650,"ENSG00000307338",NA,"ENST00000825164","+","rs798123","pathogenic","HNSC",54
"15",30823650,"ENSG00000307338",NA,"ENST00000825164","+","rs798123","common","normal",54
"15",40480988,"ENSG00000244251",NA,"ENST00000489027","-","rs623187","pathogenic","HNSC",328
