"Cancer Type","SNP ID","SNP Position","Alleles   (A/a)","Log-rank Test p-value","Sample Size","Median Survival Time AA","Median Survival Time Aa","Median Survival Time aa"
"BLCA","rs1793008","chr11:20715741","C/G","6.71e-08","405","5.13","19.53","16.7"
"BLCA","rs10917504","chr1:19639433","C/A","5.39e-09","401","17.87","17.62","4.37"
"BLCA","rs17425695","chr1:22067487","G/A","4.71e-06","394","17.92","15.57","7.1"
"BLCA","rs72138724","chr1:235934448","ATATTT/A","3.7e-06","391","6.05","15.53","18.23"
"BLCA","rs4785927","chr16:3108171","A/G","1.15e-05","396","6.02","18.83","17.97"
"BLCA","rs56264947","chr18:31488371","T/C","2.74e-05","396","17.87","18.23","6.07"
"BLCA","rs55893714","chr18:31489816","A/G","2.82e-05","395","17.87","18.23","6.07"
"BLCA","rs34733102","chr18:31490744","C/T","2.2e-05","394","17.87","18.23","6.07"
"BLCA","rs72938851","chr18:31493410","C/T","5.78e-08","392","17.97","18.18","7.43"
"BLCA","rs72938852","chr18:31493699","T/C","5.78e-08","392","17.97","18.18","7.43"
"BLCA","rs72938855","chr18:31493970","T/C","5.78e-08","392","17.97","18.18","7.43"
"BLCA","rs72938857","chr18:31494144","C/T","5.78e-08","392","17.97","18.18","7.43"
"BLCA","rs72938859","chr18:31494320","T/C","5.78e-08","392","17.97","18.18","7.43"
"BLCA","rs151281504","chr18:31494535","GAT/G","5.78e-08","392","17.97","18.18","7.43"
"BLCA","rs55815944","chr18:31494690","T/A","6.21e-08","393","17.97","18.13","7.43"
"BLCA","rs56394261","chr18:31494723","C/A","1.51e-05","393","17.97","18.18","8.02"
"BLCA","rs7230152","chr18:31495009","G/A","6.21e-08","393","17.97","18.13","7.43"
"BLCA","rs72938863","chr18:31495150","G/A","5.76e-08","394","17.97","18","7.43"
"BLCA","rs72938866","chr18:31495156","T/G","5.76e-08","394","17.97","18","7.43"
"BLCA","rs72938868","chr18:31495282","A/G","5.76e-08","394","17.97","18","7.43"
"BLCA","rs79456230","chr2:113697778","TA/T","2.54e-05","387","18","16.4","7.03"
"BLCA","rs6744841","chr2:7835185","A/G","1.46e-05","401","17.03","19.97","11.28"
"BLCA","rs7573930","chr2:92104908","C/T","2.1e-05","389","18.13","16.93","11.07"
"BLCA","rs13391594","chr2:92105163","G/A","2.2e-05","389","18.13","16.9","11.07"
"BLCA","rs9835400","chr3:39460552","A/G","1.84e-06","405","7.22","19.33","17.57"
"BLCA","rs7687980","chr4:158033112","C/T","1.25e-05","405","17.23","19.67","8.07"
"BLCA","rs2881473","chr4:158152250","A/G","5.44e-07","404","5.43","19.1","17.43"
"BLCA","rs6849902","chr4:158168709","C/T","5.39e-07","404","5.43","19.13","17.4"
"BLCA","rs2581937","chr4:67376118","C/T","7.63e-08","403","17.4","20.57","6.87"
"BLCA","rs2646278","chr4:67378275","A/G","6.82e-08","398","17.53","22.83","6.87"
"BLCA","rs356320","chr4:67381745","T/C","5.79e-08","399","17.53","21.7","6.87"
"BLCA","rs356321","chr4:67381796","T/C","5.79e-08","399","17.53","21.7","6.87"
"BLCA","rs181492","chr4:67383372","G/A","8.4e-08","401","17.4","21.7","6.87"
"BLCA","rs356322","chr4:67383716","A/G","8.4e-08","401","17.4","21.7","6.87"
"BLCA","rs356323","chr4:67383800","G/A","8.4e-08","401","17.4","21.7","6.87"
"BLCA","rs2646288","chr4:67385235","G/A","8.6e-08","404","17.43","22.83","6.87"
"BLCA","rs147378009","chr4:67385786","G/GA","8.6e-08","404","17.43","22.83","6.87"
"BLCA","rs356345","chr4:67386366","A/C","7.85e-08","405","17.47","20.57","6.87"
"BLCA","rs356343","chr4:67387409","C/T","8.6e-08","404","17.43","22.83","6.87"
"BLCA","rs10036208","chr5:132235630","T/C","4.91e-06","394","19.27","19.45","14.17"
"BLCA","rs733300","chr5:132236550","A/G","2.08e-06","395","19.27","19.45","14.13"
"BLCA","rs4535443","chr5:132236868","A/G","1.61e-06","396","19.27","19.67","14.13"
"BLCA","rs2089855","chr5:132237836","A/G","1.78e-05","405","18.05","18.02","13.77"
"BLCA","rs12521097","chr5:132239645","G/A","1.38e-06","393","18.83","17.97","14.27"
"BLCA","rs6871350","chr5:132244527","A/G","2.96e-06","405","21.27","17.87","14.37"
"BLCA","rs371709","chr5:132247547","A/G","4.49e-06","402","19.27","19.72","14.17"
"BLCA","rs112300250","chr5:132247599","G/A","1.29e-06","404","21.37","18.07","14.18"
"BLCA","rs4705929","chr5:132248485","G/T","1.81e-06","401","21.37","17.53","14.37"
"BLCA","rs81598","chr5:132252267","C/G","9.22e-06","399","18.62","19.45","14.27"
"BLCA","rs7736284","chr5:132252458","T/C","3.36e-06","399","21.37","17.87","14.37"
"BLCA","rs4705931","chr5:132252652","T/C","2.21e-06","400","21.27","18.1","14.27"
"BLCA","rs36041222","chr5:132256370","AC/A","5.96e-06","386","17.92","19.97","14.27"
"BLCA","rs3900945","chr5:132257177","T/C","2.74e-06","401","19.27","19.17","14.27"
"BLCA","rs71583465","chr5:132258935","G/C","2.1e-06","401","19.27","19.13","14.22"
"BLCA","rs34992375","chr5:132259953","CTTAT/C","2.87e-06","403","18.62","19.97","13.93"
"BLCA","rs162904","chr5:132260091","C/T","4.36e-06","405","14.1","20.23","17.92"
"BLCA","rs10463891","chr5:132261699","C/T","2.61e-06","405","15.23","19.1","19.27"
"BLCA","rs932019","chr5:132263677","T/C","1.84e-06","400","18.62","19.1","14.47"
"BLCA","rs4361510","chr5:132263954","C/T","1.12e-06","400","18.62","19.13","14.37"
"BLCA","rs113309120","chr5:132264588","C/CCCCATCTCCAG","5.44e-06","402","17.97","19.77","14.22"
"BLCA","rs61352298","chr5:132264896","G/C","1.12e-06","400","18.62","19.13","14.37"
"BLCA","rs1979981","chr5:132266027","G/A","1.12e-06","400","18.62","19.13","14.37"
"BLCA","rs1007602","chr5:132266473","T/C","1.12e-06","400","18.62","19.13","14.37"
"BLCA","rs4705852","chr5:132267114","A/G","1.12e-06","400","18.62","19.13","14.37"
"BLCA","rs270621","chr5:132270128","C/A","1.05e-05","398","17.97","19.45","14.27"
"BLCA","rs162894","chr5:132276179","T/G","5.41e-06","392","18.62","19.45","14.22"
"BLCA","rs272872","chr5:132340171","C/T","2.01e-05","405","16.2","17.77","26.13"
"BLCA","rs2631362","chr5:132371601","A/G","3.37e-06","405","15.8","19.07","20.1"
"BLCA","rs9468226","chr6:27778399","C/T","2.3e-05","405","5.68","18.05","17.67"
"BRCA","rs11256855","chr10:10839018","C/T","4.05e-06","1083","27.97","31.63","12.75"
"BRCA","rs61629636","chr10:47297101","G/C","1.63e-08","1080","27.07","33.3","20.47"
"BRCA","rs2276129","chr11:118102958","C/T","2.06e-05","1087","27.05","29.82","25.07"
"BRCA","rs11112416","chr12:105224783","A/G","1.96e-06","1087","28.57","28.67","21.78"
"BRCA","rs71453585","chr12:121868522","CTTTTTTCTT/C","2.07e-05","1069","20.13","26.58","28.83"
"BRCA","rs36039131","chr12:15179846","C/T","2.44e-07","1076","28.1","30.92","13.85"
"BRCA","rs35862723","chr1:217608217","GA/G","1.35e-05","1053","27.3","25.57","37.57"
"BRCA","rs9562297","chr13:41387039","A/T","8.82e-08","1087","29.65","22.42","14.13"
"BRCA","rs75993950","chr1:41120641","C/A","1.64e-05","1085","28.83","25.62","14.48"
"BRCA","rs854349","chr14:24777939","G/T","3.77e-07","1087","21.3","25.13","28.67"
"BRCA","rs17100850","chr1:77641180","C/T","1.23e-05","1087","19.78","21.83","30.18"
"BRCA","rs113536473","chr18:3288710","T/TCTCA","7.34e-08","1071","28.6","28.6","16.72"
"BRCA","rs16975105","chr18:41630575","C/T","7.81e-06","1087","29.08","22.6","18.27"
"BRCA","rs1865057","chr19:22629039","C/T","1.92e-05","1074","27.45","32.47","24.1"
"BRCA","rs12972630","chr19:22630307","G/T","1.92e-05","1074","27.45","32.47","24.1"
"BRCA","rs68056601","chr19:22631020","AAT/A","1.92e-05","1074","27.45","32.47","24.1"
"BRCA","rs35590613","chr19:22633781","C/T","1.93e-05","1072","27.5","32.47","24.1"
"BRCA","rs77957147","chr19:22634315","T/A","1.87e-05","1074","27.5","32.47","24.1"
"BRCA","rs370410008","chr19:22634476","GT/G","1.33e-05","1060","27.45","32.47","24.1"
"BRCA","rs11363645","chr19:22636062","CT/C","1.77e-05","1075","27.73","32.47","24.1"
"BRCA","rs7246908","chr19:22639481","C/T","1.77e-05","1075","27.73","32.47","24.1"
"BRCA","rs7250036","chr19:22639673","C/T","1.77e-05","1075","27.73","32.47","24.1"
"BRCA","rs62118770","chr19:22641227","A/G","1.77e-05","1075","27.73","32.47","24.1"
"BRCA","rs62118771","chr19:22641496","C/T","1.77e-05","1075","27.73","32.47","24.1"
"BRCA","rs73030507","chr19:22642915","T/G","1.93e-05","1070","27.97","32.73","24.1"
"BRCA","rs35246791","chr19:22644449","A/G","1.93e-05","1070","27.97","32.73","24.1"
"BRCA","rs62118777","chr19:22644984","T/C","1.9e-05","1069","27.97","32.47","24.1"
"BRCA","rs56788149","chr19:22646822","T/TTG","1.95e-05","1068","27.73","32.47","24.1"
"BRCA","rs61364329","chr19:22647084","GT/G","1.95e-05","1068","27.73","32.47","24.1"
"BRCA","rs62118780","chr19:22648312","C/G","2e-05","1067","27.5","32.47","24.1"
"BRCA","rs4933019","chr19:22649184","A/G","2e-05","1067","27.5","32.47","24.1"
"BRCA","rs74910935","chr19:22652705","G/A","1.58e-05","1064","27.73","32.47","24.1"
"BRCA","rs77998302","chr19:22652801","G/C","1.66e-05","1063","27.5","32.47","24.1"
"BRCA","rs35355374","chr19:22654899","C/T","2.4e-05","1062","27.97","32.47","25.57"
"BRCA","rs34563787","chr19:22654934","A/T","2.31e-05","1059","27.97","32.35","25.57"
"BRCA","rs1897602","chr19:22655266","T/A","1.98e-05","1064","27.5","32.73","24.1"
"BRCA","rs4933021","chr19:22657197","T/C","2.01e-05","1066","27.73","32.47","24.1"
"BRCA","rs12983761","chr19:22657795","C/A","2.01e-05","1066","27.73","32.47","24.1"
"BRCA","rs62118818","chr19:22660110","G/A","2.01e-05","1066","27.73","32.47","24.1"
"BRCA","rs62118819","chr19:22660305","T/C","2.14e-05","1064","27.5","32.73","24.1"
"BRCA","rs201758456","chr19:22660425","T/G","7.04e-07","1056","27.45","32.53","22.6"
"BRCA","rs73018802","chr19:22661493","A/G","1.89e-05","1066","27.73","32.47","24.1"
"BRCA","rs201122597","chr19:22664377","A/G","1.89e-05","1066","27.73","32.47","24.1"
"BRCA","rs201930537","chr19:22664685","G/A","1.74e-06","1059","27.97","32.47","24.1"
"BRCA","rs62118834","chr19:22667570","C/T","1.71e-05","1064","27.45","32.47","24.1"
"BRCA","rs8108452","chr19:22670816","G/A","1.89e-05","1066","27.73","32.47","24.1"
"BRCA","rs8108555","chr19:22670875","G/A","1.61e-05","1062","28.23","32.35","24.1"
"BRCA","rs4933023","chr19:22671474","C/G","1.89e-05","1066","27.73","32.47","24.1"
"BRCA","rs61328620","chr19:22671717","C/A","1.89e-05","1066","27.73","32.47","24.1"
"BRCA","rs62118857","chr19:22672028","C/T","1.89e-05","1066","27.73","32.47","24.1"
"BRCA","rs111588258","chr19:22672446","C/T","1.89e-05","1066","27.73","32.47","24.1"
"BRCA","rs2361257","chr19:22672712","G/A","1.89e-05","1066","27.73","32.47","24.1"
"BRCA","rs143043168","chr19:22674202","A/G","1.89e-05","1066","27.73","32.47","24.1"
"BRCA","rs148514481","chr19:22674598","A/G","1.89e-05","1066","27.73","32.47","24.1"
"BRCA","rs8102868","chr19:22674823","A/T","1.89e-05","1066","27.73","32.47","24.1"
"BRCA","rs79274896","chr19:22675185","C/T","1.89e-05","1066","27.73","32.47","24.1"
"BRCA","rs12983642","chr19:22679430","C/T","1.92e-05","1064","28.1","32.47","24.1"
"BRCA","rs8099854","chr19:22681052","T/G","1.89e-05","1066","27.73","32.47","24.1"
"BRCA","rs1964379","chr19:22683148","G/A","1.91e-05","1064","28.1","32.47","24.1"
"BRCA","rs8104552","chr19:22684376","G/T","1.89e-05","1066","27.73","32.47","24.1"
"BRCA","rs12973627","chr19:22684903","G/A","1.89e-05","1066","27.73","32.47","24.1"
"BRCA","rs12974117","chr19:22685074","G/A","1.69e-05","1063","27.5","32.23","24.1"
"BRCA","rs55716469","chr19:22685294","A/G","1.87e-05","1065","27.73","32.35","24.1"
"BRCA","rs76090733","chr19:22686181","C/T","2.38e-05","1059","27.97","32.23","24.1"
"BRCA","rs62120304","chr19:22689466","G/T","1.89e-05","1066","27.73","32.47","24.1"
"BRCA","rs66997934","chr19:22689834","A/G","1.89e-05","1066","27.73","32.47","24.1"
"BRCA","rs56080334","chr19:22690460","C/T","1.87e-05","1067","27.5","32.47","24.1"
"BRCA","rs62120309","chr19:22690910","C/T","2.03e-05","1068","27.73","32.47","24.1"
"BRCA","rs7250849","chr19:51655063","A/C","5.58e-06","1087","29.92","28.45","27.5"
"BRCA","rs28445567","chr20:25118717","G/C","1.98e-05","1075","28.53","29.43","17.3"
"BRCA","rs6037025","chr20:25121069","T/C","9.43e-06","1074","28.6","29.3","17.28"
"BRCA","rs34631700","chr20:25121845","G/A","8.16e-06","1074","28.6","29.28","17.3"
"BRCA","rs13045280","chr20:25124341","A/T","7.47e-06","1080","28.57","29.27","17.3"
"BRCA","rs17269836","chr2:113976757","A/G","2.31e-07","1069","27.3","30.38","15.82"
"BRCA","rs1060906","chr2:113977839","C/T","3.72e-07","1070","27.33","29.43","15.82"
"BRCA","rs72837203","chr2:113978952","T/C","3.62e-07","1070","27.33","29.43","15.82"
"BRCA","rs55748015","chr2:113980790","G/A","3.17e-08","1071","27.3","30.38","15.82"
"BRCA","rs55701938","chr2:113980970","G/A","3.17e-08","1071","27.3","30.38","15.82"
"BRCA","rs156704","chr2:113987489","T/G","1.23e-05","1070","27.37","30.12","18.43"
"BRCA","rs276317","chr2:113991410","A/G","1.17e-05","1069","27.17","30.12","16.77"
"BRCA","rs276820","chr2:113995552","T/C","5.88e-06","1077","27.4","30.5","16.77"
"BRCA","rs156714","chr2:113998448","C/T","4.41e-09","1087","27.37","30.77","16.07"
"BRCA","rs467954","chr2:113998661","A/C","1.33e-07","1087","26.87","31.43","17.35"
"BRCA","rs156712","chr2:113998818","G/A","1.28e-07","1086","16.07","31.43","27.03"
"BRCA","rs156711","chr2:114000355","A/G","4.01e-08","1087","16.77","31.23","27.32"
"BRCA","rs156710","chr2:114001309","A/C","1.75e-08","1085","15.47","31.8","27.03"
"BRCA","rs156709","chr2:114001777","A/G","1.75e-08","1085","15.47","31.8","27.03"
"BRCA","rs275416","chr2:114004240","G/A","6.8e-07","1074","16.07","31.8","26.87"
"BRCA","rs276837","chr2:114013266","T/A","1.07e-05","1072","16.53","30.5","27.32"
"BRCA","rs6147420","chr21:14317907","G/GAACATAATCACTCTA","6e-06","1077","27.57","32.43","25.38"
"BRCA","rs8129676","chr21:14321880","G/A","1.84e-05","1079","27.77","30.82","22.1"
"BRCA","rs2283797","chr22:21960940","A/G","1.23e-06","1087","23.63","26.83","29.03"
"BRCA","rs6003388","chr22:22916268","A/G","9.05e-06","1087","29.27","25.57","12.98"
"BRCA","rs6003389","chr22:22917689","C/T","1.05e-05","1087","29.27","25.23","12.67"
"BRCA","rs11690126","chr2:9499192","G/T","5.31e-06","1087","29.27","25.25","17.3"
"BRCA","rs7562801","chr2:75741170","G/A","4.89e-07","1076","27.63","33.37","21.15"
"BRCA","rs56396010","chr2:75741276","A/T","3.67e-08","1073","27.63","33.37","26.4"
"BRCA","rs66487175","chr2:75743870","G/T","1.11e-06","1077","27.35","33.77","21.15"
"BRCA","rs7597845","chr2:75771841","G/T","9.09e-06","1085","27.5","29.37","26.4"
"BRCA","rs28545380","chr2:75773952","T/C","7.04e-06","1079","27.63","29.3","26.4"
"BRCA","rs72818793","chr2:75774457","T/C","1.78e-07","1077","27.38","32.95","26.4"
"BRCA","rs17011768","chr2:75774640","G/T","1.7e-07","1079","27.4","33.37","26.4"
"BRCA","rs17011776","chr2:75774746","C/A","1.7e-07","1079","27.4","33.37","26.4"
"BRCA","rs111354421","chr2:75775193","A/AT","5.91e-06","1074","27.38","32.53","26.4"
"BRCA","rs1881947","chr3:113148283","A/G","2.7e-05","1055","25.5","29.27","29.37"
"BRCA","rs74697865","chr3:175887376","T/C","1.69e-06","1085","27.35","33.9","38.4"
"BRCA","rs13070099","chr3:46211723","T/C","1.01e-06","1082","29.27","25.5","21.33"
"BRCA","rs34047458","chr3:46212108","C/G","1.01e-06","1082","29.27","25.5","21.33"
"BRCA","rs35429781","chr3:46212116","A/C","1.01e-06","1082","29.27","25.5","21.33"
"BRCA","rs13095946","chr3:46212321","G/A","1.01e-06","1082","29.27","25.5","21.33"
"BRCA","rs13067058","chr3:46232275","C/T","1.82e-05","1087","29.27","26.13","10.13"
"BRCA","rs10939428","chr4:9628417","A/G","1.02e-06","1079","16.58","25.07","29.32"
"BRCA","rs41448850","chr5:56723183","C/G","6.16e-06","1087","30.4","25.37","28.67"
"BRCA","rs62358079","chr5:56858020","G/C","8.96e-08","1085","27.4","30.42","28.47"
"BRCA","rs780405","chr5:88260522","A/G","2.53e-06","1082","20.2","29.88","27.33"
"BRCA","rs12655529","chr5:88280980","C/A","1.28e-05","1077","28.27","29.53","20.2"
"BRCA","rs4916897","chr5:88285771","A/C","2.77e-06","1079","28.3","29.43","20.2"
"BRCA","rs4916898","chr5:88290245","G/A","2.64e-06","1078","28.53","29.27","19.95"
"BRCA","rs4916899","chr5:88292209","A/G","4.62e-06","1087","28.3","30.13","19.17"
"BRCA","rs201849600","chr5:88292355","T/TG","1.45e-06","1084","28.3","29.35","20.2"
"BRCA","rs35300532","chr5:88293219","G/C","1.42e-06","1085","28.3","29.27","20.2"
"BRCA","rs12659252","chr5:88297472","G/A","1.35e-06","1087","28.3","29.27","20.2"
"BRCA","rs1367233","chr5:88301195","A/G","2.14e-07","1085","28.3","29.05","20.22"
"BRCA","rs11740776","chr5:88303489","T/A","2.14e-07","1085","28.3","29.05","20.22"
"BRCA","rs4916717","chr5:88305802","G/A","2.14e-07","1085","28.3","29.05","20.22"
"BRCA","rs6872223","chr5:88306555","A/G","1.35e-06","1087","28.3","29.27","20.2"
"BRCA","rs4382978","chr5:88308771","A/G","2.14e-07","1085","28.3","29.05","20.22"
"BRCA","rs370738494","chr5:88311253","G/A","1.09e-06","1079","28.57","29.27","20.22"
"BRCA","rs2121102","chr5:88313539","A/G","1.4e-06","1080","28.42","29.27","19.95"
"BRCA","rs4916718","chr5:88316825","C/T","1.41e-06","1081","28.42","29.27","19.95"
"BRCA","rs2305104","chr5:88324853","C/T","2.11e-06","1087","20.38","28.83","28.3"
"BRCA","rs4916719","chr5:88327844","C/T","2.52e-06","1082","28.9","28.83","20.2"
"BRCA","rs11741675","chr5:88332984","T/G","4.05e-06","1079","28.6","29.05","20.22"
"BRCA","rs4916904","chr5:88338780","G/A","4.08e-06","1078","28.57","29.05","20.22"
"BRCA","rs78909929","chr5:88344154","A/G","1.47e-06","1080","28.53","29.27","19.95"
"BRCA","rs35608679","chr5:88346637","A/ATTG","4.07e-06","1078","28.75","29.05","20.22"
"BRCA","rs113828108","chr5:88354062","A/G","6.62e-06","1082","28.57","28.83","20.23"
"BRCA","rs12515274","chr5:88359845","G/A","6.73e-06","1076","28.42","29.27","20.23"
"BRCA","rs4916907","chr5:88364163","T/G","1.28e-05","1082","28.53","29.05","20.23"
"BRCA","rs12657776","chr5:88365776","A/G","1.27e-05","1083","28.53","28.83","20.23"
"BRCA","rs6865693","chr5:88419422","T/C","8.32e-06","1080","30.4","27.38","19.7"
"BRCA","rs10505857","chr5:88420376","G/A","3.07e-06","1079","29.97","26.38","20.22"
"BRCA","rs4451795","chr5:88422879","A/G","2.98e-05","1087","29.97","27.63","19.7"
"BRCA","rs10505856","chr5:88440636","A/T","4.9e-06","1079","29.67","27.9","19.7"
"BRCA","rs13189022","chr5:88445017","G/T","1.98e-05","1083","29.43","27.38","20.23"
"BRCA","rs10452479","chr5:88445131","A/G","4.3e-06","1085","29.67","27.9","19.7"
"BRCA","rs73171756","chr5:88446454","A/C","4.33e-06","1084","29.67","28.28","19.7"
"BRCA","rs12659818","chr5:88451964","G/T","2.21e-05","1082","29.43","27.37","20.38"
"BRCA","rs12653074","chr5:88452920","A/T","2.53e-05","1083","29.43","27.37","20.23"
"BRCA","rs12516483","chr5:88454718","A/T","4.33e-06","1078","29.52","27.63","20.2"
"BRCA","rs76393802","chr5:88455311","A/G","2.46e-05","1086","29.4","27.4","20.23"
"BRCA","rs67606195","chr5:88457772","AATAAACTC/A","2.46e-05","1086","29.4","27.4","20.23"
"BRCA","rs35301639","chr5:88458025","G/A","2.46e-05","1086","29.4","27.4","20.23"
"BRCA","rs10942532","chr5:88462015","A/G","2.18e-05","1085","29.43","27.37","20.38"
"BRCA","rs12189501","chr5:88462208","A/G","2.97e-06","1087","19.7","28.67","29.03"
"BRCA","rs34857793","chr5:88467749","G/A","2.27e-05","1079","29.33","27.45","20.53"
"BRCA","rs6872276","chr5:88473903","T/C","1.89e-05","1077","29.17","27.5","20.23"
"BRCA","rs71580759","chr5:88474306","T/C","2.67e-05","1079","29.23","27.5","20.22"
"BRCA","rs74429030","chr5:88474689","C/A","2.38e-05","1078","29.23","27.5","20.23"
"BRCA","rs66621989","chr7:130604632","G/A","7.41e-07","1077","28.47","29","17.93"
"BRCA","rs56232567","chr7:130610829","G/A","6.11e-07","1082","28.53","29","17.93"
"BRCA","rs112753877","chr7:130621612","C/T","6.09e-07","1082","28.57","28.83","17.93"
"BRCA","rs12667970","chr7:130625974","T/C","6.01e-07","1083","28.6","27.07","17.93"
"BRCA","rs11979508","chr7:130645888","C/A","5.75e-07","1084","28.6","27.95","17.93"
"BRCA","rs11972315","chr7:130650718","A/T","9.89e-06","1087","28.57","25.48","18.27"
"BRCA","rs718880","chr7:38322398","G/A","1.65e-05","1077","30.37","22.48","19.5"
"BRCA","rs16932083","chr9:113282992","A/G","1.84e-05","1087","25.9","26.4","28.83"
"BRCA","rs12380266","chr9:37606704","C/G","1.18e-06","1087","25.4","34.7","26.17"
"BRCA","rs10973676","chr9:38124686","G/A","1.86e-05","1071","28.42","27.08","25.43"
"BRCA","rs10973677","chr9:38125076","A/C","2.02e-05","1067","28.57","27.08","25.43"
"CESC","rs11592407","chr10:91672625","T/G","3.93e-05","291","21.27","24.3","16.87"
"CESC","rs74389667","chr10:91676077","CA/C","8.7e-05","293","21.33","24.3","16.67"
"CESC","rs7077513","chr10:91692798","C/A","1.18e-05","294","21.23","25.28","16.43"
"CESC","rs73323962","chr10:91693704","A/C","1.18e-05","294","21.27","24.3","16.43"
"CESC","rs112705868","chr10:91693725","C/T","1.18e-05","294","21.23","25.28","16.43"
"CESC","rs7083631","chr10:91694516","G/T","1.16e-05","295","21.2","25.28","16.43"
"CESC","rs7067679","chr10:91697915","C/T","1.18e-05","296","21.2","26.27","16.43"
"CESC","rs7067694","chr10:91697950","C/T","1.18e-05","296","21.2","26.27","16.43"
"CESC","rs7068403","chr10:91698425","C/T","1.16e-05","295","21.2","25.28","16.43"
"CESC","rs17107019","chr10:91766805","A/G","4.2e-05","299","21.27","24.15","16.43"
"CESC","rs112923636","chr10:91838924","A/G","2.48e-05","298","21.27","24.3","16.43"
"CESC","rs10509639","chr10:91844121","A/G","1.74e-05","296","21.27","24.3","16.43"
"CESC","rs75129202","chr10:91852672","G/A","1.88e-05","295","21.4","24.15","16.43"
"CESC","rs78140521","chr10:91875284","G/A","1.7e-05","296","21.27","24","16.43"
"CESC","rs1417731","chr10:91875784","G/A","1.68e-05","296","21.23","25.13","16.43"
"CESC","rs140043075","chr10:91876010","CAG/C","1.68e-05","296","21.23","25.13","16.43"
"CESC","rs148558129","chr10:91877278","A/AT","1.86e-05","295","21.27","22.55","16.43"
"CESC","rs79577114","chr10:91882409","C/T","1.83e-05","295","21.2","25.13","16.43"
"CESC","rs11214223","chr11:112480999","T/C","5.47e-05","290","21.3","19.83","19.42"
"CESC","rs4652740","chr1:182647279","C/T","3.07e-12","296","22.93","18.07","6.82"
"CESC","rs72730186","chr14:74475610","A/G","5.98e-05","297","21.23","24.07","15.43"
"CESC","rs78261954","chr14:74477619","CTTT/C","1.42e-05","298","21.4","21.73","15.67"
"CESC","rs58384818","chr14:74487045","G/A","1.42e-05","298","21.4","21.73","15.67"
"CESC","rs150813068","chr14:74487144","GT/G","1.42e-05","298","21.4","21.73","15.67"
"CESC","rs17100588","chr14:74487624","C/A","1.42e-05","298","21.4","21.73","15.67"
"CESC","rs11159086","chr14:74495572","A/G","2.72e-05","299","21.23","22.83","16.15"
"CESC","rs3759745","chr14:74495967","C/T","3.14e-05","296","21.2","23.57","16.15"
"CESC","rs4903232","chr14:74496585","A/C","3.14e-05","296","21.2","23.57","16.15"
"CESC","rs10135649","chr14:74496860","G/A","2.53e-05","297","21.2","24.3","16.15"
"CESC","rs35783473","chr14:74496889","G/GCAGA","2.89e-06","298","21.33","22.83","15.9"
"CESC","rs4903233","chr14:74497291","C/G","2.19e-06","299","21.2","25.28","15.9"
"CESC","rs12433848","chr14:74497570","A/G","2.89e-06","298","21.33","22.83","15.9"
"CESC","rs2439853","chr18:34533937","G/A","3.54e-05","288","10.57","24.3","21.73"
"CESC","rs73387800","chr22:20020650","G/C","1.24e-10","296","21.2","34.47","11.6"
"CESC","rs8142163","chr22:20025766","G/A","1.16e-10","296","21.2","34.47","11.6"
"CESC","rs112567206","chr22:20026159","G/T","1.16e-10","296","21.2","34.47","11.6"
"CESC","rs113731241","chr22:20026269","G/A","1.16e-10","296","21.2","34.47","11.6"
"CESC","rs4822152","chr22:42524761","G/A","4.33e-06","292","24.9","19.83","11.63"
"CESC","rs78715709","chr22:42588902","C/T","4.13e-08","292","24.9","19.83","6.82"
"CESC","rs4822170","chr22:42589157","C/A","4.2e-08","295","24.9","19.83","6.82"
"CESC","rs74279208","chr22:42597775","G/A","4.67e-08","294","24.9","19.83","6.82"
"CESC","rs58566950","chr22:42607301","C/T","2.85e-08","293","24.9","19.83","6.82"
"CESC","rs3755342","chr2:70898311","C/T","2.41e-07","299","21.27","25.9","0.35"
"CESC","rs11167515","chr5:150859909","G/T","1.83e-06","296","21.97","19.87","15.22"
"COAD","rs2297031","chr10:133419150","C/T","1.89e-05","282","22.13","22.67","14.73"
"COAD","rs10783310","chr12:49230525","A/G","2.16e-05","282","22.7","19.6","14.2"
"COAD","rs10875937","chr12:49232256","C/A","4.17e-05","270","22.53","19.6","15.02"
"COAD","rs144929541","chr13:19275585","A/G","1.5e-05","276","12.18","23.37","22.4"
"COAD","rs17085415","chr13:19663437","T/C","2.16e-05","279","22.2","21.75","16.8"
"COAD","rs9651158","chr1:9328595","G/T","4.97e-05","282","17.48","19.02","22.4"
"COAD","rs114975320","chr15:52177330","T/G","2.35e-08","281","22.37","21.67","4.87"
"COAD","rs62030184","chr15:76197572","T/C","2.03e-06","278","20.57","29.57","9.93"
"COAD","rs56313024","chr15:76246649","G/C","2.24e-06","280","21.28","27.32","9.93"
"COAD","rs8042654","chr15:76270397","C/T","1.45e-05","282","7.6","25.8","21.73"
"COAD","rs59691037","chr15:76279027","C/A","1.48e-05","281","21.9","25.8","7.6"
"COAD","rs62027014","chr15:76289027","A/G","1.66e-05","280","21.73","27.32","7.6"
"COAD","rs60261704","chr15:76300327","C/A","1.92e-05","280","21.7","27.8","7.6"
"COAD","rs62027019","chr15:76301437","G/A","1.86e-05","280","21.73","27.32","7.6"
"COAD","rs11857880","chr15:76301659","G/A","1.86e-05","280","21.73","27.32","7.6"
"COAD","rs57149671","chr15:76307488","AC/A","2e-05","279","21.73","27.8","7.6"
"COAD","rs60842851","chr17:30602914","CA/C","3.7e-06","275","22.32","22.3","12.73"
"COAD","rs73267833","chr17:30692530","G/A","4.09e-05","269","21.43","23.93","15.83"
"COAD","rs79060582","chr18:78110416","G/A","9.84e-09","269","22.33","19.85","6.67"
"COAD","rs200268828","chr21:35935909","CTT/C","2.02e-05","275","22.37","21","10.55"
"COAD","rs80054780","chr21:35937394","G/A","1.82e-05","277","22.37","21.87","10.55"
"COAD","rs2835168","chr21:35940797","A/G","2e-05","282","10.55","21.43","22.4"
"COAD","rs75201497","chr21:35942944","C/T","1.4e-05","278","22.4","21.43","10.55"
"COAD","rs7277784","chr21:35943795","G/A","1.39e-05","278","22.4","22.3","6.87"
"COAD","rs2835200","chr21:35976101","C/T","2.92e-05","282","21.7","23.83","6.87"
"COAD","rs10182727","chr2:231576026","A/T","2.05e-06","282","22.3","22.33","9.7"
"COAD","rs35085713","chr4:57066632","C/T","5.13e-06","277","22.53","17.32","10.07"
"COAD","rs36027930","chr4:57070670","T/A","5.3e-06","280","22.53","16.67","10.07"
"COAD","rs199746388","chr7:128578969","AAAAAC/A","9.85e-06","268","21.73","26.83","14.03"
"COAD","rs316329","chr7:66143429","A/C","1.84e-05","282","21.55","25.98","7.37"
"COAD","rs151159821","chr7:74082332","T/A","3.09e-05","272","13.43","20.03","22.73"
"COAD","rs75447959","chr9:33641809","A/G","2.53e-09","278","21.43","24.17","5.73"
"COAD","rs11137785","chr9:78655986","G/T","1.68e-06","282","22.13","26.68","7.97"
"ESCA","rs198414","chr1:11840768","A/C","7.61e-08","184","6.77","14.5","13.37"
"GBM","rs6489721","chr12:6534150","A/G","4.19e-05","149","12.93","8.88","1.92"
"GBM","rs62356569","chr5:56963908","T/C","4.92e-06","142","12.98","10.13","3.85"
"GBM","rs1712","chr6:152970730","C/T","3.73e-05","149","12.33","11.1","3.53"
"GBM","rs6941558","chr6:152994883","C/T","3.74e-05","149","12.33","10.57","3.53"
"GBM","rs7797025","chr7:100340318","A/G","6.36e-05","143","12.77","8.22","16.83"
"GBM","rs11766917","chr7:100340319","A/G","5.14e-06","143","12.67","7.97","19.5"
"HNSC","rs11189936","chr10:99020772","G/T","2.29e-05","515","22.33","16.13","6.37"
"HNSC","rs12295437","chr11:12972792","C/T","3e-07","515","5.7","20","22.2"
"HNSC","rs662799","chr11:116792991","G/A","5.68e-10","506","6.15","18.2","22.9"
"HNSC","rs10047462","chr11:116851325","G/T","3.19e-06","503","7.32","19.3","21.95"
"HNSC","rs12739135","chr1:151236369","G/C","1.89e-06","501","21.37","23.63","8.95"
"HNSC","rs16833107","chr1:151260531","C/T","1.84e-06","501","21.37","23.63","8.95"
"HNSC","rs35485741","chr1:151269433","G/C","2.2e-06","502","21.33","22.85","8.95"
"HNSC","rs59912932","chr1:151281547","A/C","1.35e-06","504","21.23","23.9","8.95"
"HNSC","rs429721","chr1:153110955","G/C","6.59e-05","511","22.07","19.23","10.43"
"HNSC","rs441873","chr1:153119307","A/G","3.38e-06","514","22.9","18.28","14.13"
"HNSC","rs310132","chr1:153122891","C/T","3.38e-06","514","22.9","18.28","14.13"
"HNSC","rs381115","chr1:153126869","C/T","2.66e-05","515","22.87","18.82","14.13"
"HNSC","rs382804","chr1:153129985","T/C","5.65e-06","513","22.87","18.75","14.13"
"HNSC","rs432018","chr1:153130155","A/G","5.65e-06","513","22.87","18.75","14.13"
"HNSC","rs485374","chr1:153133389","C/G","5.32e-05","515","19.07","17.67","22.83"
"HNSC","rs12057871","chr1:153136916","A/C","3.82e-08","506","23.8","17.33","13.38"
"HNSC","rs492296","chr1:153136919","A/C","3.74e-06","511","22.87","18.28","14.13"
"HNSC","rs495757","chr1:153137154","T/C","3.74e-06","511","22.87","18.28","14.13"
"HNSC","rs564211","chr1:153141601","G/T","1.58e-06","511","23.1","18.07","14.13"
"HNSC","rs530590","chr1:153179146","G/T","1.19e-06","515","13.38","20.1","22.9"
"HNSC","rs12409982","chr1:168553146","A/G","5.2e-05","513","22.2","22.73","13.53"
"HNSC","rs12568619","chr1:168553496","A/G","5.2e-05","513","22.2","22.73","13.53"
"HNSC","rs12021763","chr1:168558845","G/T","1.24e-05","515","22.22","22.73","13.48"
"HNSC","rs1123864","chr1:168559223","A/G","9.71e-06","515","22.33","22.08","13.48"
"HNSC","rs6427837","chr1:200671753","G/T","1.17e-05","515","10.5","22.08","21.8"
"HNSC","rs78894972","chr1:212759937","C/T","2.61e-05","513","22.37","18.93","6.25"
"HNSC","rs1007036","chr1:212778022","A/G","1.46e-06","515","22.37","18.45","6.47"
"HNSC","rs186596167","chr1:212779360","C/T","1.43e-05","512","22.5","18.45","6.03"
"HNSC","rs115951155","chr1:212811108","G/A","1.48e-05","511","22.57","18.45","6.03"
"HNSC","rs115314537","chr1:212821763","T/C","3.18e-05","513","22.23","19.13","6.25"
"HNSC","rs139576627","chr1:212822794","CCTG/C","3.18e-05","513","22.23","19.13","6.25"
"HNSC","rs11046043","chr12:21435234","C/T","1.5e-06","515","9.13","18.25","22.65"
"HNSC","rs61942827","chr12:48439998","G/A","2.16e-05","504","20.75","25.22","11.95"
"HNSC","rs61940822","chr12:48513088","G/A","2.49e-05","512","20.75","26.63","12.9"
"HNSC","rs80009676","chr12:48515717","T/C","1.78e-05","512","20.75","26.63","14.13"
"HNSC","rs61940824","chr12:48515975","G/A","1.83e-05","513","20.75","26.63","13.52"
"HNSC","rs61940826","chr12:48517499","A/C","1.83e-05","513","20.75","26.63","13.52"
"HNSC","rs55739289","chr12:48518018","G/A","1.83e-05","513","20.75","26.63","13.52"
"HNSC","rs56090553","chr12:48520632","G/A","1.95e-05","512","20.73","26.63","13.52"
"HNSC","rs55983865","chr12:48520972","C/T","1.83e-05","513","20.75","26.63","13.52"
"HNSC","rs74786960","chr12:48522739","T/C","1.86e-05","514","20.77","26.63","13.52"
"HNSC","rs2587768","chr15:100483874","A/G","6.18e-08","509","8.33","18.2","22.15"
"HNSC","rs798121","chr15:30823352","A/G","5.62e-08","515","23","19.9","9.43"
"HNSC","rs798122","chr15:30823375","T/C","3.97e-06","513","22.87","20","10.6"
"HNSC","rs798123","chr15:30823650","G/T","3.97e-06","513","22.87","20","10.6"
"HNSC","rs798124","chr15:30824339","C/T","3.97e-06","513","22.87","20","10.6"
"HNSC","rs798126","chr15:30825007","G/A","3.97e-06","513","22.87","20","10.6"
"HNSC","rs798128","chr15:30826004","C/T","3.97e-06","513","22.87","20","10.6"
"HNSC","rs798083","chr15:30833145","T/C","3.23e-06","513","22.9","19.9","10.6"
"HNSC","rs798085","chr15:30835637","G/A","3.06e-06","514","22.87","19.9","10.6"
"HNSC","rs2691682","chr15:30842390","A/C","1.05e-05","512","22.83","20.03","12.07"
"HNSC","rs2955782","chr15:30843388","G/A","1.05e-05","512","22.83","20.03","12.07"
"HNSC","rs811304","chr15:30843586","C/T","1.34e-05","515","22.83","20.02","12.07"
"HNSC","rs147693035","chr15:30846296","TATGAA/T","1.01e-05","510","22.83","20","12.07"
"HNSC","rs143102238","chr15:30847318","AGAAAT/A","1.11e-05","504","22.83","20.53","12.07"
"HNSC","rs1088475","chr15:30848497","C/T","1.04e-05","511","22.83","20.02","12.07"
"HNSC","rs8036676","chr15:30861155","T/C","9.69e-06","507","12.07","20.53","22.78"
"HNSC","rs9806159","chr15:30917451","G/T","3e-05","515","22.78","20.83","13.23"
"HNSC","rs7178533","chr15:30923773","C/G","1.51e-05","509","22.7","21.37","13.68"
"HNSC","rs34178381","chr15:30930382","G/C","4.67e-07","512","22.28","20.83","9.43"
"HNSC","rs71420529","chr15:30933735","GATTATA/G","4.26e-07","511","22.22","20.68","9.43"
"HNSC","rs8035729","chr15:35110332","C/T","1.73e-05","515","9.03","15.15","22.9"
"HNSC","rs16970734","chr15:40478898","C/T","8.1e-15","515","4.62","21.5","21.78"
"HNSC","rs623187","chr15:40480988","C/G","3.26e-08","511","22.2","21.8","5.37"
"HNSC","rs74244686","chr15:40494457","C/T","1.93e-12","506","21.93","21.8","4.2"
"HNSC","rs7168927","chr15:40505168","T/C","2.42e-08","512","5.37","21.17","22.07"
"HNSC","rs75814867","chr15:40511383","G/T","1.11e-15","513","21.78","22.1","4.62"
"HNSC","rs4924476","chr15:40519388","C/T","3.6e-08","514","5.37","21.5","21.93"
"HNSC","rs74749768","chr15:40528028","G/C","1.11e-15","513","21.78","22.1","4.62"
"HNSC","rs7164166","chr15:40528606","A/G","3.78e-08","512","5.37","21.17","22.07"
"HNSC","rs2034653","chr15:40531883","T/A","4.27e-08","511","5.37","20.83","22.07"
"HNSC","rs8029208","chr15:40532511","T/C","3.78e-08","512","5.37","21.17","22.07"
"HNSC","rs2959535","chr15:40533896","T/G","4.1e-08","512","5.37","20.83","22.2"
"HNSC","rs6492952","chr15:40542900","A/G","5.78e-08","515","5.37","21.17","21.93"
"HNSC","rs113156784","chr16:74298154","T/C","8.04e-07","500","22.22","23.17","5.33"
"HNSC","rs3935513","chr16:77742856","C/T","2.15e-06","515","22.33","20.82","5.93"
"HNSC","rs79795911","chr16:77745693","C/T","2.76e-06","505","22.57","20.83","5.93"
"HNSC","rs142001415","chr16:77748065","CT/C","3.19e-06","503","22.63","20.13","5.93"
"HNSC","rs75163144","chr16:77748336","G/T","2.99e-06","506","22.67","20.8","5.93"
"HNSC","rs2978631","chr16:78525910","G/T","1.2e-05","515","9.2","21.17","22.2"
"HNSC","rs3106330","chr16:78526048","G/A","8.68e-06","513","9.2","21.32","22.22"
"HNSC","rs3115959","chr16:78526055","T/C","8.68e-06","513","9.2","21.32","22.22"
"HNSC","rs3106331","chr16:78526097","C/T","8.78e-06","515","22.15","21.32","9.2"
"HNSC","rs2738491","chr16:78532553","G/A","3.26e-06","511","10.9","20.53","22.23"
"HNSC","rs2667623","chr16:78533606","C/G","3.37e-06","511","10.9","20.53","22.2"
"HNSC","rs3114908","chr16:89317317","A/G","1.98e-05","515","17.33","24.23","21.3"
"HNSC","rs17806489","chr17:18346297","C/T","4.56e-05","515","21.8","21.3","9.73"
"HNSC","rs139455718","chr17:18374106","AAGG/A","7.79e-06","510","21.93","20.53","9.78"
"HNSC","rs112347175","chr17:18378059","G/A","1.15e-05","507","21.93","20.32","10.17"
"HNSC","rs16966118","chr18:34873725","A/G","5.83e-06","515","9.43","15.87","22.87"
"HNSC","rs140192488","chr1:94901123","G/A","2.18e-14","515","21.87","20.77","0.77"
"HNSC","rs2168644","chr19:58277027","T/C","4.27e-05","504","18.73","23.98","28.45"
"HNSC","rs11666156","chr19:58278993","C/A","2.79e-05","509","19.1","23.98","28.45"
"HNSC","rs12986027","chr19:58282230","A/G","4.16e-05","511","18.93","23.8","28.08"
"HNSC","rs35390011","chr19:58283896","AG/A","2.53e-05","510","18.93","23.85","28.08"
"HNSC","rs8105044","chr19:58285439","C/G","9.81e-06","515","28.45","23.8","18.93"
"HNSC","rs11669373","chr19:58287319","G/T","1.71e-05","512","18.93","23.9","28.4"
"HNSC","rs11671477","chr19:58288980","C/T","1.15e-05","515","31.67","23.67","18.93"
"HNSC","rs199943319","chr20:35283297","AAT/A","7.47e-07","514","21.33","25.07","5.97"
"HNSC","rs2425046","chr20:35283858","A/G","1.72e-08","515","21.37","25","7.23"
"HNSC","rs2425048","chr20:35284920","C/T","7.67e-07","514","21.37","25","5.97"
"HNSC","rs146847321","chr2:99397487","C/CCA","3.04e-08","515","22.5","20.15","7"
"HNSC","rs9308819","chr2:99400386","G/A","3.04e-08","515","22.5","20.15","7"
"HNSC","rs139499925","chr2:99407396","C/CA","3.04e-08","515","22.5","20.15","7"
"HNSC","rs28382947","chr2:99412013","C/T","3.14e-08","514","22.58","20.15","7"
"HNSC","rs3838582","chr2:99414650","CTT/C","3.04e-08","515","22.5","20.15","7"
"HNSC","rs13426758","chr2:99423494","C/T","3.04e-08","515","22.5","20.15","7"
"HNSC","rs13429185","chr2:99429321","C/T","2.94e-06","511","22.27","20.15","7.17"
"HNSC","rs13429806","chr2:99454028","C/A","3.57e-06","514","22.42","20.1","7.17"
"HNSC","rs9308821","chr2:99457050","G/C","3.33e-06","513","22.42","19.72","7.17"
"HNSC","rs10180138","chr2:99458134","G/C","2.59e-06","512","22.42","20.1","7.17"
"HNSC","rs28369949","chr2:99462298","C/T","3.04e-06","514","22.42","20.1","7.17"
"HNSC","rs13415713","chr2:99465683","A/T","3.04e-06","514","22.42","20.1","7.17"
"HNSC","rs9308822","chr2:99469342","T/C","1.63e-06","507","21.93","20.77","7.17"
"HNSC","rs13405400","chr2:99471870","C/G","3.04e-06","514","22.42","20.1","7.17"
"HNSC","rs13420087","chr2:99476174","C/A","2.17e-06","514","22.33","20.15","7.17"
"HNSC","rs10176205","chr2:99484184","T/C","1.79e-06","514","22.27","20.2","7.17"
"HNSC","rs10173883","chr2:99484386","A/C","1.79e-06","514","22.27","20.2","7.17"
"HNSC","rs1059524","chr2:131423910","A/C","1.11e-05","515","14.13","21.37","23.37"
"HNSC","rs9627359","chr22:46268534","C/G","4.28e-06","510","21.65","23.67","11.7"
"HNSC","rs9627360","chr22:46268741","G/A","4.64e-06","512","21.65","23.67","11.7"
"HNSC","rs12168162","chr22:46268958","A/G","5.41e-07","514","21.78","23.42","10.77"
"HNSC","rs9627363","chr22:46270264","T/C","2.28e-05","514","21.78","23.1","11.7"
"HNSC","rs67637399","chr22:46271022","T/TA","5.25e-05","511","21.77","21.93","11.7"
"HNSC","rs73177058","chr22:46272182","G/T","2.28e-05","514","21.78","23.1","11.7"
"HNSC","rs6008443","chr22:46272795","C/T","1.5e-05","513","21.78","23.13","11.7"
"HNSC","rs10561665","chr2:75024862","GACA/G","5.08e-06","514","22.1","20","6.3"
"HNSC","rs116306855","chr2:85583547","G/A","2.31e-06","507","21.37","27.43","5.03"
"HNSC","rs2091798","chr2:99207468","T/C","4.47e-08","514","6.83","19.23","22.42"
"HNSC","rs13032885","chr2:99259281","G/A","1.16e-10","514","6.83","20.78","22.2"
"HNSC","rs2309616","chr2:99263499","A/C","9.26e-07","513","7","20.48","22.2"
"HNSC","rs1922627","chr2:99263536","G/T","9.26e-07","513","7","20.48","22.2"
"HNSC","rs7567462","chr2:99264765","T/C","9.26e-07","513","7","20.48","22.2"
"HNSC","rs1948101","chr2:99266672","G/C","9.26e-07","513","7","20.48","22.2"
"HNSC","rs11123776","chr2:99268014","C/T","9.26e-07","513","7","20.48","22.2"
"HNSC","rs7599843","chr2:99269385","C/G","8.59e-07","514","7","20.48","22.27"
"HNSC","rs11123778","chr2:99270758","T/C","9.2e-07","513","7","20.77","22.27"
"HNSC","rs4851197","chr2:99276415","A/G","1.18e-06","512","7","20.48","22.27"
"HNSC","rs6744199","chr2:99277312","T/C","1.51e-08","513","7","20.8","22.07"
"HNSC","rs10590785","chr2:99279778","GTT/G","1.37e-10","513","6.83","20.78","22.27"
"HNSC","rs7581337","chr2:99279908","A/G","9.2e-07","513","7","20.77","22.27"
"HNSC","rs7584705","chr2:99280515","A/C","9.2e-07","513","7","20.77","22.27"
"HNSC","rs2309615","chr2:99282535","T/C","9.29e-07","512","7","20.77","22.2"
"HNSC","rs7595318","chr2:99282850","T/G","9.2e-07","513","7","20.77","22.27"
"HNSC","rs7606279","chr2:99285603","T/C","6.03e-07","512","7","20.78","22.27"
"HNSC","rs7567230","chr2:99287490","G/A","9.2e-07","513","7","20.77","22.27"
"HNSC","rs7603388","chr2:99287873","G/T","9.2e-07","513","7","20.77","22.27"
"HNSC","rs6749029","chr2:99288527","T/C","9.2e-07","513","7","20.77","22.27"
"HNSC","rs4522654","chr2:99293663","G/A","9.2e-07","513","7","20.77","22.27"
"HNSC","rs4851198","chr2:99294509","G/T","9.2e-07","513","7","20.77","22.27"
"HNSC","rs4851199","chr2:99294647","A/G","9.2e-07","513","7","20.77","22.27"
"HNSC","rs1922625","chr2:99297535","A/C","2.12e-06","515","22.27","20.48","7.17"
"HNSC","rs74177686","chr2:99301614","A/G","3.17e-06","508","7.17","20.48","22.5"
"HNSC","rs7579171","chr2:99304399","A/C","3.74e-06","510","7.17","20.48","22.5"
"HNSC","rs6745645","chr2:99305023","G/A","3.74e-06","510","7.17","20.48","22.5"
"HNSC","rs12992141","chr2:99305938","A/G","4e-06","504","7.17","20.48","22.2"
"HNSC","rs1450459","chr4:120925312","A/G","3.19e-05","504","10.9","23.5","22.73"
"HNSC","rs2770966","chr5:181252117","A/G","1.37e-05","515","9.08","19.22","22.63"
"HNSC","rs16893429","chr5:24491022","C/T","3.5e-06","515","21.87","20.73","7.78"
"HNSC","rs12514119","chr5:30802327","T/C","1.41e-05","513","22.1","18.77","9.13"
"HNSC","rs12521718","chr5:30802411","G/A","1.41e-05","513","22.1","18.77","9.13"
"HNSC","rs79114176","chr5:30803187","A/G","1.41e-05","513","22.1","18.77","9.13"
"HNSC","rs2133762","chr5:30804933","G/C","1.41e-05","513","22.1","18.77","9.13"
"HNSC","rs78744081","chr5:30805758","G/C","1.48e-05","514","22.1","19.23","9.13"
"HNSC","rs144317345","chr5:30806580","G/GA","1.48e-05","514","22.1","19.23","9.13"
"HNSC","rs141574594","chr5:30807910","G/GT","1.4e-05","515","22.15","19.23","9.13"
"HNSC","rs146998994","chr6:4102616","CTTTG/C","6.45e-07","505","22.78","18.48","8.1"
"HNSC","rs2853992","chr6:31410524","G/A","2.61e-05","506","22.83","19.27","9.32"
"HNSC","rs1131897","chr6:31411357","C/G","2.61e-05","506","22.83","19.27","9.32"
"HNSC","rs9295989","chr6:31418223","G/C","2.86e-05","507","22.83","19.25","9.32"
"HNSC","rs9295990","chr6:31418242","T/G","2.86e-05","507","22.83","19.25","9.32"
"HNSC","rs3880459","chr6:31420135","T/G","2.86e-05","507","22.83","19.25","9.32"
"HNSC","rs2516447","chr6:31422844","T/C","2.86e-05","507","22.83","19.25","9.32"
"HNSC","rs12212090","chr6:37464032","A/G","1.88e-05","508","14.03","22.7","24.23"
"HNSC","rs62406516","chr6:37471588","C/T","1.17e-05","503","13.97","23.1","25.25"
"HNSC","rs10947673","chr6:37477303","C/T","9.08e-06","504","14.08","22.9","24.73"
"HNSC","rs904251","chr6:37483920","G/T","1.59e-05","505","14.08","23","24.23"
"HNSC","rs1317563","chr6:37484078","G/T","1.37e-06","506","13.9","23","26.53"
"HNSC","rs9446931","chr6:73576536","C/T","7.16e-05","492","21.1","24.12","13.98"
"HNSC","rs9446932","chr6:73576537","A/G","7.16e-05","492","21.1","24.12","13.98"
"HNSC","rs6910702","chr6:73576624","G/A","7.16e-05","493","21.03","24.12","13.98"
"HNSC","rs34485415","chr6:73576994","G/A","5.79e-05","498","20.73","24.62","13.43"
"HNSC","rs3843530","chr7:65267493","A/G","1.87e-05","515","9.27","21.07","22.82"
"HNSC","rs11993005","chr8:17347440","A/C","1.78e-06","515","6.37","18.1","22.67"
"HNSC","rs11994648","chr8:8280641","G/T","2.81e-05","515","22.28","17.35","4.3"
"HNSC","rs593533","chr8:97439770","C/T","1.13e-05","506","21.5","25.13","6.97"
"HNSC","rs3731232","chr9:21978444","C/G","2.27e-10","515","5.08","17.85","24.17"
"KICH","rs9926328","chr16:62770007","A/G","6.12e-05","65","25.13","74.93","87.77"
"KICH","rs34614269","chr16:62779609","AT/A","7.36e-05","64","88.05","74.93","25.13"
"KICH","rs12617114","chr2:38532735","A/T","5.15e-05","65","25.13","93.83","67.47"
"KICH","rs35111986","chr7:100402651","C/A","0.000135","65","81.63","79.23","28.5"
"KICH","rs6953749","chr7:100403318","C/T","0.000145","65","88.33","72.4","28.5"
"KICH","rs76913697","chr7:100405149","A/G","0.000145","65","88.33","72.4","28.5"
"KICH","rs150780493","chr7:100405433","GA/G","0.000189","64","81.63","72.4","28.5"
"KICH","rs3900792","chr7:100406954","C/G","0.000145","65","88.33","72.4","28.5"
"KICH","rs2003507","chr7:100408097","C/T","0.000145","65","88.33","72.4","28.5"
"KICH","rs68116612","chr7:100408870","G/A","0.000355","65","88.73","72.4","26.15"
"KICH","rs147130878","chr7:100411251","G/GA","0.000355","65","88.73","72.4","26.15"
"KICH","rs34771058","chr7:100411600","TG/T","0.000135","65","81.63","79.23","28.5"
"KICH","rs67471932","chr7:100412362","C/G","0.000145","65","88.33","72.4","28.5"
"KICH","rs73161759","chr7:100412371","T/C","0.000145","65","88.33","72.4","28.5"
"KICH","rs6957928","chr7:100416690","G/A","0.000145","65","88.33","72.4","28.5"
"KICH","rs73161762","chr7:100417223","C/T","0.000135","65","81.63","79.23","28.5"
"KICH","rs67315960","chr7:100417501","A/G","0.000145","65","88.33","72.4","28.5"
"KICH","rs111757992","chr7:100418731","A/C","0.000355","65","88.73","72.4","26.15"
"KICH","rs11763414","chr7:100419221","C/G","0.000145","65","88.33","72.4","28.5"
"KICH","rs7783159","chr7:100419831","C/T","0.000135","65","81.63","79.23","28.5"
"KICH","rs66632384","chr7:100421281","G/A","0.000145","65","88.33","72.4","28.5"
"KICH","rs28490152","chr7:100423359","G/A","0.000355","65","88.73","72.4","26.15"
"KICH","rs6970806","chr7:100423995","A/C","0.000145","65","88.33","72.4","28.5"
"KICH","rs6970828","chr7:100424056","A/G","0.000145","65","88.33","72.4","28.5"
"KICH","rs28660238","chr7:100425685","C/T","0.000355","65","88.73","72.4","26.15"
"KICH","rs67163493","chr7:100426215","C/T","0.000145","65","88.33","72.4","28.5"
"KICH","rs73403312","chr7:100426530","T/C","0.000145","65","88.33","72.4","28.5"
"KICH","rs67196635","chr7:100427941","T/C","0.000355","65","88.73","72.4","26.15"
"KICH","rs10693652","chr7:100428792","T/TCA","0.000355","65","88.73","72.4","26.15"
"KICH","rs60257855","chr7:100429157","G/C","0.000145","65","88.33","72.4","28.5"
"KICH","rs74460138","chr7:100429716","C/G","0.000145","65","88.33","72.4","28.5"
"KICH","rs6975729","chr7:100430564","C/T","0.000145","65","88.33","72.4","28.5"
"KICH","rs6962151","chr7:100430861","T/C","0.000355","65","88.73","72.4","26.15"
"KICH","rs3919","chr7:100433887","C/CCTATTCTCTAGCCCTT","0.000145","65","88.33","72.4","28.5"
"KICH","rs1073","chr7:100433989","G/A","0.000145","65","88.33","72.4","28.5"
"KICH","rs67483801","chr7:100434135","G/T","0.000355","65","88.73","72.4","26.15"
"KICH","rs4989959","chr7:100434665","T/C","0.000145","65","88.33","72.4","28.5"
"KICH","rs4074838","chr7:100435042","G/A","0.000145","65","88.33","72.4","28.5"
"KICH","rs140443760","chr7:100438607","TAGG/T","0.000145","65","88.33","72.4","28.5"
"KICH","rs111265471","chr7:100440067","T/C","0.000145","65","88.33","72.4","28.5"
"KICH","rs367546488","chr7:100440280","AAAT/A","0.000145","65","88.33","72.4","28.5"
"KICH","rs7800667","chr7:100441322","C/T","0.000145","65","88.33","72.4","28.5"
"KICH","rs11761725","chr7:100442192","C/T","0.000135","65","81.63","79.23","28.5"
"KICH","rs11761784","chr7:100442347","C/T","0.000355","65","88.73","72.4","26.15"
"KICH","rs11764818","chr7:100445432","G/A","0.000145","65","88.33","72.4","28.5"
"KICH","rs112317829","chr7:100445550","A/G","0.000355","65","88.73","72.4","26.15"
"KICH","rs138128268","chr7:100446191","CCCA/C","0.000355","65","88.73","72.4","26.15"
"KICH","rs28629346","chr7:100446928","T/C","0.000355","65","88.73","72.4","26.15"
"KICH","rs28578163","chr7:100447131","A/G","0.000355","65","88.73","72.4","26.15"
"KICH","rs6967277","chr7:100448262","A/G","0.000355","65","88.73","72.4","26.15"
"KICH","rs67239991","chr7:100448881","A/G","0.000355","65","88.73","72.4","26.15"
"KICH","rs111493473","chr7:100452119","A/G","0.000457","65","89.13","63.95","26.15"
"KICH","rs2406255","chr7:100456067","T/C","0.000135","65","81.63","79.23","28.5"
"KICH","rs150726853","chr7:100457015","GT/G","0.000135","65","81.63","79.23","28.5"
"KICH","rs6955362","chr7:100458543","C/T","0.00019","65","88.73","63.95","28.5"
"KICH","rs6975514","chr7:100458597","T/C","0.00019","65","88.73","63.95","28.5"
"KICH","rs370915286","chr7:100463110","GA/G","0.000545","64","90.43","63.95","26.15"
"KICH","rs11444435","chr7:100464450","T/TC","0.000457","65","89.13","63.95","26.15"
"KICH","rs11453225","chr7:100466296","G/GT","0.00019","65","88.73","63.95","28.5"
"KICH","rs7811142","chr7:100467820","A/T","0.00019","65","88.73","63.95","28.5"
"KICH","rs7794485","chr7:100471313","T/C","0.000145","65","88.33","72.4","28.5"
"KICH","rs4472444","chr7:100473135","T/C","0.000545","64","90.43","63.95","26.15"
"KICH","rs7809801","chr7:100474408","T/C","0.000545","64","90.43","63.95","26.15"
"KICH","rs1962269","chr7:100475144","C/T","0.000545","64","90.43","63.95","26.15"
"KICH","rs11773661","chr7:100475446","G/C","0.00019","65","88.73","63.95","28.5"
"KICH","rs11766752","chr7:100475669","A/G","0.000545","64","90.43","63.95","26.15"
"KICH","rs66958101","chr7:100476397","G/A","0.00019","65","88.73","63.95","28.5"
"KICH","rs11559117","chr7:100478991","A/G","0.000277","63","90.43","63.95","28.5"
"KICH","rs2406253","chr7:100479650","A/G","0.000277","63","90.43","63.95","28.5"
"KICH","rs4463351","chr7:100480603","G/A","0.000277","63","90.43","63.95","28.5"
"KICH","rs11760536","chr7:100481131","C/T","0.000135","65","81.63","79.23","28.5"
"KICH","rs6972167","chr7:100482390","G/T","0.000359","62","89.13","63.95","28.5"
"KICH","rs60844404","chr7:100482851","A/T","0.000277","63","90.43","63.95","28.5"
"KICH","rs113459328","chr7:100483563","G/A","0.000213","63","89.13","72.4","28.5"
"KICH","rs113738841","chr7:100483683","C/T","0.000277","63","90.43","63.95","28.5"
"KICH","rs11763511","chr7:100484321","G/A","0.000277","63","90.43","63.95","28.5"
"KICH","rs67040465","chr7:100485455","G/A","0.000213","63","89.13","72.4","28.5"
"KICH","rs2897358","chr7:100491017","C/G","0.000277","63","90.43","63.95","28.5"
"KICH","rs60478351","chr7:100491394","C/T","0.000277","63","90.43","63.95","28.5"
"KICH","rs7787620","chr7:100491611","A/G","0.000277","63","90.43","63.95","28.5"
"KICH","rs7787825","chr7:100491762","A/G","0.000277","63","90.43","63.95","28.5"
"KICH","rs6979335","chr7:100492237","T/C","0.000213","63","89.13","72.4","28.5"
"KICH","rs11769700","chr7:100492426","T/C","0.000277","63","90.43","63.95","28.5"
"KICH","rs73405353","chr7:100493592","G/A","0.000213","63","89.13","72.4","28.5"
"KICH","rs147984352","chr7:100494754","T/TA","0.000277","63","90.43","63.95","28.5"
"KICH","rs6948699","chr7:100497726","C/G","0.000213","63","89.13","72.4","28.5"
"KICH","rs6953107","chr7:100498041","C/T","0.000277","63","90.43","63.95","28.5"
"KICH","rs60644673","chr7:100499119","G/T","0.000213","63","89.13","72.4","28.5"
"KICH","rs34989573","chr7:100500272","C/T","0.000277","63","90.43","63.95","28.5"
"KICH","rs6974282","chr7:100500672","C/T","0.000277","63","90.43","63.95","28.5"
"KICH","rs6974286","chr7:100500673","C/T","0.000277","63","90.43","63.95","28.5"
"KICH","rs6978739","chr7:100501057","C/G","0.000277","63","90.43","63.95","28.5"
"KICH","rs4385401","chr7:100501843","T/C","0.000252","62","90.43","72.4","28.5"
"KICH","rs111344110","chr7:100297686","C/G","0.000212","65","81.63","79.23","28.5"
"KICH","rs147248866","chr7:100299852","C/T","0.000212","65","81.63","79.23","28.5"
"KICH","rs3991498","chr7:100307346","A/G","0.000212","65","81.63","79.23","28.5"
"KICH","rs111312383","chr7:100307702","C/T","0.000212","65","81.63","79.23","28.5"
"KICH","rs28680963","chr7:100307852","C/G","0.000212","65","81.63","79.23","28.5"
"KICH","rs28401739","chr7:100308061","A/G","0.000568","63","88.73","86.07","26.15"
"KICH","rs3991544","chr7:100322965","G/A","0.000212","65","81.63","79.23","28.5"
"KICH","rs112659704","chr7:100324770","T/C","0.000212","65","81.63","79.23","28.5"
"KICH","rs117787328","chr7:100328685","T/C","0.000212","65","81.63","79.23","28.5"
"KICH","rs1059129","chr7:100328899","A/G","0.000568","63","88.73","86.07","26.15"
"KICH","rs60750824","chr7:100329813","A/G","0.000212","65","81.63","79.23","28.5"
"KICH","rs1063945","chr7:100332824","C/T","0.000212","65","81.63","79.23","28.5"
"KICH","rs7786844","chr7:100336385","T/G","0.000508","65","88.33","79.23","26.15"
"KICH","rs182703269","chr7:100336830","G/A","0.000274","64","74.93","79.23","28.5"
"KICH","rs3873746","chr7:100337474","G/A","0.000508","65","88.33","79.23","26.15"
"KICH","rs3991564","chr7:100338804","T/C","0.000212","65","81.63","79.23","28.5"
"KICH","rs112345649","chr7:100339858","A/G","0.000212","65","81.63","79.23","28.5"
"KICH","rs113261079","chr7:100340180","A/G","0.000212","65","81.63","79.23","28.5"
"KICH","rs7797025","chr7:100340318","A/G","0.000487","64","88.33","86.07","26.15"
"KICH","rs11766917","chr7:100340319","A/G","0.000174","64","81.63","86.07","28.5"
"KICH","rs1636980","chr7:100341241","A/G","0.000212","65","28.5","79.23","81.63"
"KICH","rs11761253","chr7:100341698","C/T","0.000212","65","81.63","79.23","28.5"
"KICH","rs6979910","chr7:100343007","A/C","0.000455","64","88.33","72.4","26.15"
"KICH","rs11771936","chr7:100345660","A/G","0.000189","64","81.63","72.4","28.5"
"KICH","rs28495773","chr7:100345960","A/T","0.000163","63","81.63","63.95","28.5"
"KICH","rs113979344","chr7:100348762","C/G","0.000177","64","74.93","79.23","28.5"
"KICH","rs75636500","chr7:100350034","C/G","0.000177","64","74.93","79.23","28.5"
"KICH","rs77370288","chr7:100350274","A/T","0.000189","64","81.63","72.4","28.5"
"KICH","rs7795656","chr7:100352674","A/T","0.000145","65","88.33","72.4","28.5"
"KICH","rs7795805","chr7:100352785","A/G","0.000355","65","88.73","72.4","26.15"
"KICH","rs7799894","chr7:100352804","G/T","0.000355","65","88.73","72.4","26.15"
"KICH","rs7799901","chr7:100352827","G/A","0.000355","65","88.73","72.4","26.15"
"KICH","rs7799932","chr7:100352885","G/C","0.000143","64","88.33","79.23","28.5"
"KICH","rs7341507","chr7:100353692","A/G","0.000145","65","88.33","72.4","28.5"
"KICH","rs76798830","chr7:100355205","C/T","0.000135","65","81.63","79.23","28.5"
"KICH","rs78256546","chr7:100355347","A/G","0.000145","65","88.33","72.4","28.5"
"KICH","rs6946768","chr7:100356770","G/A","0.000135","65","81.63","79.23","28.5"
"KICH","rs41280971","chr7:100356834","G/T","0.000145","65","88.33","72.4","28.5"
"KICH","rs3087502","chr7:100357741","G/A","0.000145","65","88.33","72.4","28.5"
"KICH","rs61735533","chr7:100358243","G/A","0.000145","65","88.33","72.4","28.5"
"KICH","rs11761426","chr7:100359270","A/T","0.000145","65","88.33","72.4","28.5"
"KICH","rs5886120","chr7:100359508","GCCT/G","0.000145","65","88.33","72.4","28.5"
"KICH","rs151288400","chr7:100360373","GGA/G","0.000145","65","88.33","72.4","28.5"
"KICH","rs77861211","chr7:100364473","T/C","0.000145","65","88.33","72.4","28.5"
"KICH","rs11769057","chr7:100367038","A/G","0.000145","65","88.33","72.4","28.5"
"KICH","rs11765869","chr7:100367166","T/G","0.000135","65","81.63","79.23","28.5"
"KICH","rs705866","chr7:100367662","T/C","0.000135","65","81.63","79.23","28.5"
"KICH","rs11284139","chr7:100367706","GA/G","0.000145","65","88.33","72.4","28.5"
"KICH","rs11768967","chr7:100370021","G/A","0.000355","65","88.73","72.4","26.15"
"KICH","rs11768933","chr7:100370114","C/T","0.000145","65","88.33","72.4","28.5"
"KICH","rs57275596","chr7:100370866","A/ACT","0.000355","65","88.73","72.4","26.15"
"KICH","rs149365789","chr7:100370875","G/GA","0.000145","65","88.33","72.4","28.5"
"KICH","rs6948685","chr7:100372565","C/T","0.000189","64","81.63","72.4","28.5"
"KICH","rs7792525","chr7:100374499","A/G","0.000145","65","88.33","72.4","28.5"
"KICH","rs7792959","chr7:100374780","C/T","0.000355","65","88.73","72.4","26.15"
"KICH","rs6965207","chr7:100375728","C/T","0.000145","65","88.33","72.4","28.5"
"KICH","rs6965458","chr7:100375779","G/A","0.000135","65","81.63","79.23","28.5"
"KICH","rs6975563","chr7:100377345","G/A","0.000145","65","88.33","72.4","28.5"
"KICH","rs6975660","chr7:100377643","A/G","0.000355","65","88.73","72.4","26.15"
"KICH","rs1964242","chr7:100379080","G/A","0.000135","65","81.63","79.23","28.5"
"KICH","rs73401443","chr7:100379959","T/G","0.000355","65","88.73","72.4","26.15"
"KICH","rs112386097","chr7:100381941","C/G","0.000145","65","88.33","72.4","28.5"
"KICH","rs2108269","chr7:100382481","T/C","0.000355","65","88.73","72.4","26.15"
"KICH","rs6945952","chr7:100384152","A/G","0.000145","65","88.33","72.4","28.5"
"KICH","rs73401450","chr7:100384236","G/C","0.000145","65","88.33","72.4","28.5"
"KICH","rs73401451","chr7:100384272","T/C","0.000145","65","88.33","72.4","28.5"
"KICH","rs10085549","chr7:100385512","C/T","0.000355","65","88.73","72.4","26.15"
"KICH","rs7783550","chr7:100390182","A/G","0.000145","65","28.5","72.4","88.33"
"KICH","rs11771419","chr7:100390780","A/G","0.000145","65","88.33","72.4","28.5"
"KICH","rs7803454","chr7:100393925","C/T","0.000135","65","81.63","79.23","28.5"
"KICH","rs11771241","chr7:100397162","G/A","0.000204","64","88.33","79.23","28.5"
"KICH","rs10241492","chr7:100397190","A/G","0.000145","65","88.33","72.4","28.5"
"KICH","rs11769886","chr7:100400984","G/A","0.000135","65","81.63","79.23","28.5"
"KICH","rs73241014","chr8:30372303","G/A","0.000264","65","91.73","55.5","25.13"
"KICH","rs7009669","chr8:30372803","T/C","0.000246","64","91.73","61.48","25.13"
"KICH","rs60031291","chr8:65565661","AG/A","0.000191","63","74.93","100.33","28.5"
"KIRC","rs77778376","chr10:121927767","G/C","2.49e-05","518","40.58","32.23","3.63"
"KIRC","rs57481375","chr10:121939385","A/G","2.93e-05","521","40.57","32.23","3.63"
"KIRC","rs11009024","chr10:32666427","G/A","1.64e-06","523","39.53","41.27","7.03"
"KIRC","rs11009025","chr10:32667724","C/T","1.64e-06","523","39.53","41.27","7.03"
"KIRC","rs111366715","chr10:32670545","C/T","1.64e-06","523","39.53","41.27","7.03"
"KIRC","rs11009026","chr10:32670915","G/A","1.64e-06","523","39.53","41.27","7.03"
"KIRC","rs57216475","chr10:32672071","T/A","1.64e-06","523","39.53","41.27","7.03"
"KIRC","rs140659791","chr10:32718707","C/A","1.57e-05","525","39.2","43.9","17.17"
"KIRC","rs116923156","chr10:32720032","C/T","1.57e-05","525","39.2","43.9","17.17"
"KIRC","rs12219179","chr10:32723102","G/C","1.57e-05","525","39.2","43.9","17.17"
"KIRC","rs12219175","chr10:32723236","C/A","1.79e-06","523","39.2","42.58","7.03"
"KIRC","rs138210257","chr10:32725428","TTG/T","1.63e-06","524","39.2","43.9","7.03"
"KIRC","rs10827115","chr10:32726288","G/A","1.63e-06","524","39.2","43.9","7.03"
"KIRC","rs10827116","chr10:32728854","C/T","1.63e-06","524","39.2","43.9","7.03"
"KIRC","rs148939080","chr10:32736663","AT/A","1.63e-06","524","39.2","43.9","7.03"
"KIRC","rs11009057","chr10:32738763","C/T","1.63e-06","524","39.2","43.9","7.03"
"KIRC","rs953955","chr10:32739559","T/C","1.63e-06","524","39.2","43.9","7.03"
"KIRC","rs12219725","chr10:32741276","A/G","1.63e-06","524","39.2","43.9","7.03"
"KIRC","rs12571760","chr10:32743272","T/A","1.63e-06","524","39.2","43.9","7.03"
"KIRC","rs56359432","chr10:32750165","G/T","1.8e-06","523","39.2","42.58","7.03"
"KIRC","rs7478265","chr10:32754041","A/T","1.64e-06","524","39.2","43.9","7.03"
"KIRC","rs59252764","chr10:32764010","A/G","1.64e-06","524","39.2","43.9","7.03"
"KIRC","rs11527653","chr10:32765164","T/G","1.44e-06","525","39.2","42.58","7.03"
"KIRC","rs11009072","chr10:32765788","A/G","1.6e-06","524","39.2","41.27","7.03"
"KIRC","rs72782273","chr10:32766583","T/C","1.6e-06","524","39.2","41.27","7.03"
"KIRC","rs11009075","chr10:32769352","T/C","1.6e-06","524","39.2","41.27","7.03"
"KIRC","rs72782278","chr10:32772050","T/A","1.6e-06","524","39.2","41.27","7.03"
"KIRC","rs72782279","chr10:32772464","C/T","1.6e-06","524","39.2","41.27","7.03"
"KIRC","rs12572066","chr10:32776324","A/G","1.6e-06","524","39.2","41.27","7.03"
"KIRC","rs11009079","chr10:32777043","C/T","1.6e-06","524","39.2","41.27","7.03"
"KIRC","rs73295310","chr10:80041954","C/T","7.08e-06","519","44.67","25.2","50.83"
"KIRC","rs493720","chr11:118733969","T/C","2.72e-05","515","5.12","40","40.28"
"KIRC","rs526850","chr11:118734418","G/T","3.47e-05","516","5.12","39.33","40.78"
"KIRC","rs2186781","chr11:118734738","T/C","2.72e-05","515","5.12","40","40.28"
"KIRC","rs7119702","chr11:118736985","G/A","2.95e-05","518","5.12","39.85","39.77"
"KIRC","rs1783937","chr11:118739027","A/G","2.91e-05","520","5.12","39.7","39.53"
"KIRC","rs10892281","chr11:118743688","T/C","6.56e-05","522","5.12","39.85","39.35"
"KIRC","rs6589687","chr11:118744951","T/A","6.56e-05","522","5.12","39.85","39.35"
"KIRC","rs640120","chr11:118748128","A/C","6.56e-05","522","5.12","39.85","39.35"
"KIRC","rs1961138","chr11:118748714","C/T","7.04e-05","521","5.12","40","39.35"
"KIRC","rs485901","chr11:118751536","G/A","7.04e-05","521","5.12","40","39.35"
"KIRC","rs580079","chr11:118754900","C/T","7.04e-05","522","5.12","40","39.17"
"KIRC","rs475946","chr11:118758434","T/C","5.48e-05","522","5.12","40.3","39.08"
"KIRC","rs535996","chr11:118766958","T/C","7.04e-05","522","5.12","40","39.17"
"KIRC","rs529717","chr11:118769372","A/G","7.03e-05","523","5.12","40","39.08"
"KIRC","rs76681097","chr11:118769674","T/C","7.03e-05","523","5.12","40","39.08"
"KIRC","rs74497638","chr11:118769675","G/A","7.44e-05","520","5.12","40.3","39.35"
"KIRC","rs61901408","chr11:118769678","C/A","7.03e-05","523","5.12","40","39.08"
"KIRC","rs142556126","chr11:118769682","G/GT","6.23e-05","521","5.12","40","39.35"
"KIRC","rs79598487","chr11:118769683","A/T","6.23e-05","521","5.12","40","39.35"
"KIRC","rs2508929","chr11:118770742","G/T","7.04e-05","522","5.12","40","39.17"
"KIRC","rs1790187","chr11:118773504","A/G","7.53e-05","521","5.12","40","39.08"
"KIRC","rs548167","chr11:118777687","A/G","7.03e-05","523","5.12","40","39.08"
"KIRC","rs486651","chr11:118779150","A/T","7.04e-05","522","5.12","40","39.17"
"KIRC","rs2508915","chr11:118782072","C/G","4.51e-05","518","5.12","43.15","39.35"
"KIRC","rs6421568","chr11:118784995","C/G","3.42e-05","517","5.12","45.7","39.35"
"KIRC","rs6421569","chr11:118785066","A/C","3.42e-05","517","5.12","45.7","39.35"
"KIRC","rs1784295","chr11:118790223","A/G","3.42e-05","515","5.12","45.7","39.35"
"KIRC","rs1790188","chr11:118790346","T/C","3.42e-05","517","5.12","45.7","39.35"
"KIRC","rs7933859","chr11:118791336","T/C","4.4e-05","518","5.12","43.15","39.77"
"KIRC","rs4508234","chr11:118791494","G/C","4.4e-05","518","5.12","43.15","39.77"
"KIRC","rs5006102","chr11:118791631","A/T","4.4e-05","518","5.12","43.15","39.77"
"KIRC","rs4938544","chr11:118794300","A/G","4.41e-05","520","5.12","43.15","39.38"
"KIRC","rs583213","chr11:118798469","G/T","5.77e-05","517","5.12","39.85","39.17"
"KIRC","rs675003","chr11:118806374","T/C","4.51e-05","525","5.12","39.85","39.23"
"KIRC","rs500254","chr11:118808071","A/G","4.11e-05","527","39.2","40.6","5.12"
"KIRC","rs679182","chr11:125456162","G/C","3.87e-06","512","43","35.17","1.43"
"KIRC","rs666160","chr11:125456719","A/G","3.08e-06","516","40.8","37.03","1.43"
"KIRC","rs2513090","chr11:125462808","G/A","4.68e-06","511","42.47","36.37","1.43"
"KIRC","rs669052","chr11:125472234","A/C","4.84e-06","513","40.57","37.37","1.43"
"KIRC","rs2845847","chr11:125474639","C/T","6.72e-06","516","40","37.67","1.43"
"KIRC","rs609200","chr11:125513912","G/A","7.64e-06","515","39.38","41.73","1.43"
"KIRC","rs2849225","chr11:125546040","A/G","6.86e-06","522","1.43","41.73","39.23"
"KIRC","rs3017281","chr11:125569527","T/C","7.03e-06","522","1.43","41.73","39.53"
"KIRC","rs72694260","chr1:153941785","C/G","6.05e-05","521","39.08","44.28","6.87"
"KIRC","rs867624","chr1:161498047","A/T","4.49e-05","527","39.53","41.8","21.42"
"KIRC","rs6666914","chr1:165591181","C/T","6.7e-11","520","39.85","40.07","6.32"
"KIRC","rs59033716","chr1:165591899","C/G","6.7e-11","520","39.85","40.07","6.32"
"KIRC","rs11802672","chr1:165592798","G/A","6.7e-11","520","39.85","40.07","6.32"
"KIRC","rs58045866","chr1:165595976","C/G","4.28e-08","518","39.85","39.53","5.6"
"KIRC","rs11801044","chr1:165597373","A/G","4.51e-08","517","39.7","39.53","5.6"
"KIRC","rs72696026","chr1:165598289","G/A","4.81e-08","516","39.7","40.07","5.6"
"KIRC","rs72696027","chr1:165598383","C/A","2.82e-08","515","40","39.53","5.6"
"KIRC","rs72696028","chr1:165598411","G/C","4.81e-08","516","39.7","40.07","5.6"
"KIRC","rs16847487","chr1:165598733","C/G","5e-08","515","39.47","40.07","5.6"
"KIRC","rs79942003","chr1:178017431","G/A","3.29e-05","522","40.57","36.43","15.83"
"KIRC","rs2742964","chr1:23499397","C/T","1.39e-05","512","5","33.97","43.02"
"KIRC","rs10491972","chr12:3680783","C/T","1.15e-05","527","25.4","46.13","38.1"
"KIRC","rs17018511","chr1:212104262","C/T","4.64e-06","527","42.47","31.62","17.28"
"KIRC","rs7303587","chr12:19651481","C/T","2.39e-05","527","39.23","44.3","16"
"KIRC","rs10161342","chr12:19654211","A/G","2.03e-05","527","39.62","43.03","11.05"
"KIRC","rs12817163","chr12:29269416","A/G","4.82e-08","524","40.6","39.47","6.07"
"KIRC","rs12818302","chr12:29269725","G/A","4.82e-08","524","40.6","39.47","6.07"
"KIRC","rs12817985","chr12:29269829","A/T","4.41e-08","524","41","38.57","6.07"
"KIRC","rs12823422","chr12:29270119","C/G","4.82e-08","524","40.6","39.47","6.07"
"KIRC","rs12830274","chr12:29271202","A/G","4.27e-08","525","41.27","37.9","6.07"
"KIRC","rs2882377","chr12:29272651","C/T","5.86e-08","524","40.93","39.7","6.07"
"KIRC","rs147058029","chr12:29274053","TTTTTC/T","4.43e-08","527","40.8","38.57","6.07"
"KIRC","rs36126531","chr12:29274218","G/A","4.73e-08","526","40.6","38.57","6.07"
"KIRC","rs7314594","chr12:29277961","G/T","4.98e-08","526","40.6","39.47","6.07"
"KIRC","rs7979654","chr12:29279205","T/C","4.63e-08","526","40.8","39.23","6.07"
"KIRC","rs12814930","chr12:29281407","C/A","4.63e-08","526","40.8","39.23","6.07"
"KIRC","rs12821498","chr12:29282400","C/G","4.75e-08","525","40.8","39.47","6.07"
"KIRC","rs12832263","chr12:29287772","C/T","6.53e-08","522","40.6","38.57","6.07"
"KIRC","rs1988943","chr12:29289399","A/T","4.59e-08","520","40.8","37.9","6.07"
"KIRC","rs12823372","chr12:29319283","G/A","6e-08","524","40.58","39.23","6.07"
"KIRC","rs12823485","chr12:29326578","G/A","6.86e-08","521","40.58","39.47","6.07"
"KIRC","rs11613628","chr12:29327028","T/C","6.86e-08","521","40.58","39.47","6.07"
"KIRC","rs12813789","chr12:29330149","C/T","6.34e-08","523","40.58","39.47","6.07"
"KIRC","rs12815222","chr12:29346645","A/G","1.41e-07","523","40.57","39.47","5.8"
"KIRC","rs12817578","chr12:29347079","T/A","1.45e-07","522","40.57","39.23","5.8"
"KIRC","rs3764952","chr12:29349008","A/G","1.49e-07","522","40.57","39.23","5.8"
"KIRC","rs12830678","chr12:29350743","C/T","1.35e-07","523","40.57","39.47","5.8"
"KIRC","rs12824407","chr12:29358465","C/A","5.9e-08","524","40.58","39.23","6.07"
"KIRC","rs11610197","chr12:29360007","C/T","5.92e-08","524","40.57","39.47","6.07"
"KIRC","rs12821708","chr12:29361900","C/T","5.92e-08","524","40.57","39.47","6.07"
"KIRC","rs12810315","chr12:29363159","G/A","5.8e-08","525","40.57","39.7","6.07"
"KIRC","rs12810064","chr12:29363282","A/G","6.38e-08","523","40.28","39.47","6.07"
"KIRC","rs12831730","chr12:29368260","A/G","5.92e-08","524","40.57","39.47","6.07"
"KIRC","rs7308372","chr12:29369465","C/G","5.92e-08","524","40.57","39.47","6.07"
"KIRC","rs12829666","chr12:29371226","T/C","6.01e-08","524","40.57","39.85","6.07"
"KIRC","rs12811723","chr12:29372457","C/A","5.92e-08","524","40.57","39.47","6.07"
"KIRC","rs12813520","chr12:29372597","T/C","5.92e-08","524","40.57","39.47","6.07"
"KIRC","rs7295387","chr12:29373675","C/A","5.92e-08","524","40.57","39.47","6.07"
"KIRC","rs10492383","chr12:29375662","C/T","5.92e-08","524","40.57","39.47","6.07"
"KIRC","rs12819896","chr12:29382782","A/G","3.58e-08","519","40.28","39.47","6.07"
"KIRC","rs12809493","chr12:29384504","C/T","3.67e-08","519","40.28","39.47","6.07"
"KIRC","rs11611420","chr12:29386591","G/T","3.58e-08","519","40.28","39.47","6.07"
"KIRC","rs35618989","chr12:29388368","G/A","3.7e-08","518","40.57","39.85","6.07"
"KIRC","rs12821559","chr12:29389337","G/T","3.84e-08","517","40.57","39.7","6.07"
"KIRC","rs12811201","chr12:29391252","G/A","2.53e-08","517","40.6","39.7","6.07"
"KIRC","rs12813731","chr12:29391909","T/C","1.9e-08","514","40.6","39.47","6.07"
"KIRC","rs11052153","chr12:32671755","C/T","1.79e-05","525","42.33","31.73","11.2"
"KIRC","rs11052174","chr12:32687743","C/G","7.26e-05","527","43.03","31.07","12.83"
"KIRC","rs11052187","chr12:32698430","C/T","7.67e-05","527","43.03","31.07","12.83"
"KIRC","rs11052204","chr12:32723646","A/T","7.39e-05","527","43.17","30.1","12.83"
"KIRC","rs3766820","chr1:33178382","C/T","6.65e-05","525","40.78","41.4","21.53"
"KIRC","rs11343900","chr1:33179916","GT/G","6.11e-05","524","41.27","40.3","21.53"
"KIRC","rs12037147","chr1:33180651","C/T","7.45e-05","527","41","40.6","21.53"
"KIRC","rs7995040","chr13:75540602","A/C","2.59e-05","527","43","37.9","37.77"
"KIRC","rs9543970","chr13:75542350","T/C","7.97e-05","510","37.77","40.6","38.5"
"KIRC","rs9543971","chr13:75543104","C/T","6.74e-05","505","37.07","37.53","43.6"
"KIRC","rs212953","chr1:48265974","A/G","5.37e-05","519","27.3","40.6","39.23"
"KIRC","rs212956","chr1:48267590","A/G","3.75e-05","527","28.87","42.47","38.1"
"KIRC","rs212975","chr1:48276331","T/C","1.47e-05","520","25.67","38.93","42.13"
"KIRC","rs12734847","chr1:48285298","C/T","1.37e-05","521","42.13","39.32","25.67"
"KIRC","rs6669437","chr1:48313433","C/T","1.28e-05","519","43","39.7","25.67"
"KIRC","rs6687462","chr1:48313895","T/G","1.28e-05","519","43","39.7","25.67"
"KIRC","rs12733028","chr1:48318409","T/C","1.09e-05","518","43.02","39.7","25.67"
"KIRC","rs2175864","chr1:48354714","T/C","2.43e-05","523","43.8","38.88","26.48"
"KIRC","rs77747069","chr1:48364223","C/G","2.17e-05","522","43.8","38.47","27.3"
"KIRC","rs11802990","chr1:48384739","A/G","1.14e-05","518","43","38","26.48"
"KIRC","rs10158605","chr1:48394009","T/C","1.21e-05","520","43","38.1","26.48"
"KIRC","rs11809217","chr1:48396581","C/T","1.11e-05","514","43.02","38.05","26.48"
"KIRC","rs12723829","chr1:48408457","A/G","1.04e-05","516","43.03","38.1","26.48"
"KIRC","rs4926727","chr1:48424994","A/C","2.68e-05","517","43.03","38.1","27.3"
"KIRC","rs12731504","chr1:48427694","C/T","2.68e-05","517","43.03","38.1","27.3"
"KIRC","rs10047918","chr14:68705449","C/T","4.04e-05","527","40","43.57","24.57"
"KIRC","rs113468911","chr14:70907845","G/C","1.2e-06","519","40.58","35.92","3.97"
"KIRC","rs78724829","chr14:70908895","C/G","1.16e-06","518","40.58","35.43","3.97"
"KIRC","rs34761065","chr14:70911517","C/G","1.16e-06","518","40.58","35.43","3.97"
"KIRC","rs35614357","chr14:70921263","A/G","4.55e-08","523","40.58","36.4","5.35"
"KIRC","rs35806656","chr14:70933292","G/C","8.97e-07","525","40.57","35.43","3.97"
"KIRC","rs59216102","chr14:70942930","G/A","8.92e-07","524","40.58","32.33","3.97"
"KIRC","rs12880570","chr14:70950203","A/G","9.33e-07","524","40.28","35.43","3.97"
"KIRC","rs12897499","chr14:70953127","A/T","8.75e-07","526","40.28","36.4","3.97"
"KIRC","rs5809503","chr14:70956977","GTAAA/G","8.91e-07","527","40.28","36.88","3.97"
"KIRC","rs57537113","chr14:70961631","G/A","8.91e-07","527","40.28","36.88","3.97"
"KIRC","rs35835789","chr14:70978900","C/CT","8.59e-07","526","40.28","36.4","3.97"
"KIRC","rs35432764","chr14:70982060","A/G","8.59e-07","526","40.28","36.4","3.97"
"KIRC","rs58658345","chr14:70985959","AAG/A","9.53e-07","525","40.28","35.92","3.97"
"KIRC","rs35561518","chr14:71002768","G/C","9.01e-07","525","40","36.4","3.97"
"KIRC","rs12100735","chr14:71004481","C/T","9.25e-07","525","40.28","35.92","3.97"
"KIRC","rs12897490","chr14:71005802","G/A","9.43e-07","524","40","35.92","3.97"
"KIRC","rs112811262","chr14:71008631","G/A","9.54e-07","523","40.28","35.92","3.97"
"KIRC","rs56832842","chr14:71015563","A/C","1e-06","522","40","35.92","3.97"
"KIRC","rs12892737","chr14:71018704","C/T","1e-06","522","40","35.92","3.97"
"KIRC","rs35719396","chr14:71019985","A/G","1e-06","522","40","35.92","3.97"
"KIRC","rs17108917","chr14:71031308","A/G","1.05e-06","521","39.85","35.92","3.97"
"KIRC","rs12881446","chr14:71032484","C/A","1.05e-06","521","39.85","35.92","3.97"
"KIRC","rs2286315","chr14:71033634","C/G","1.05e-06","521","39.85","35.92","3.97"
"KIRC","rs17108930","chr14:71033711","A/G","1.05e-06","521","39.85","35.92","3.97"
"KIRC","rs8022928","chr14:71049337","G/T","1.12e-06","520","40","35.92","3.97"
"KIRC","rs56293236","chr16:2878564","G/A","2.34e-05","522","37.72","47.1","3.37"
"KIRC","rs117772923","chr16:2879390","C/T","2.34e-05","522","37.72","47.1","3.37"
"KIRC","rs142030210","chr16:2881349","G/A","2.22e-05","524","37.72","46.8","3.37"
"KIRC","rs55723250","chr16:2884143","T/C","1.73e-05","524","37.72","47.1","3.37"
"KIRC","rs78549512","chr16:2885502","A/G","1.77e-05","524","37.72","47.1","3.37"
"KIRC","rs76272724","chr16:2885675","T/C","1.83e-05","523","37.67","47.1","3.37"
"KIRC","rs55999624","chr16:2887501","G/T","1.48e-05","522","37.67","47.1","3.37"
"KIRC","rs79424176","chr16:2889944","G/A","1.31e-05","519","37.67","47.1","3.37"
"KIRC","rs150357349","chr16:2890253","T/G","1.31e-05","519","37.67","47.1","3.37"
"KIRC","rs200779182","chr16:2892998","TATATAC/T","1.31e-05","519","37.67","47.1","3.37"
"KIRC","rs78055062","chr16:2893250","G/A","1.31e-05","519","37.67","47.1","3.37"
"KIRC","rs77890593","chr16:2893478","C/T","1.76e-05","517","37.77","45.27","1.98"
"KIRC","rs79760025","chr16:2894485","G/C","1.64e-05","520","37.88","45.88","1.98"
"KIRC","rs75802688","chr16:2894586","G/A","1.69e-05","519","37.88","45.77","1.98"
"KIRC","rs76148227","chr16:2895170","C/T","1.74e-05","518","37.88","45.88","1.98"
"KIRC","rs76398155","chr16:2895343","G/T","1.74e-05","518","37.88","45.88","1.98"
"KIRC","rs111540699","chr16:2895428","C/T","1.69e-05","519","37.88","46","1.98"
"KIRC","rs111639800","chr16:2895580","A/G","1.74e-05","518","37.88","45.88","1.98"
"KIRC","rs111441980","chr16:2896324","A/G","6.79e-06","518","38","45.88","3.37"
"KIRC","rs111886828","chr16:15712801","C/CTGGCCAT","9.92e-05","518","33.25","48.7","44.52"
"KIRC","rs4889678","chr16:31646768","T/C","0.000108","510","26.07","42.62","39.23"
"KIRC","rs4453509","chr16:31647733","A/G","8.58e-05","517","26.07","41.73","39.85"
"KIRC","rs1534507","chr16:31649106","G/T","9.47e-05","527","26.07","43.3","39.7"
"KIRC","rs9939312","chr16:31652501","A/G","9e-05","527","26.07","41.27","41.27"
"KIRC","rs8045771","chr16:31654295","C/G","8.63e-05","521","26.07","44.75","39.85"
"KIRC","rs7189142","chr16:31657537","T/C","1e-04","523","26.07","43.57","39.7"
"KIRC","rs6565263","chr16:31658408","C/A","1e-04","523","26.07","43.57","39.7"
"KIRC","rs2222755","chr16:31661168","T/C","9.96e-05","522","26.07","43.3","39.85"
"KIRC","rs2178179","chr16:31664819","C/T","9.99e-05","522","28.92","43.57","39.7"
"KIRC","rs1852666","chr16:31665045","C/T","9.99e-05","522","28.92","43.57","39.7"
"KIRC","rs1919040","chr16:31665603","A/G","9.45e-05","521","28.92","43.57","39.47"
"KIRC","rs6565267","chr16:31665787","A/G","9.99e-05","522","28.92","43.57","39.7"
"KIRC","rs1852664","chr16:31670761","T/C","9.97e-05","518","28.92","45.93","39.7"
"KIRC","rs1590066","chr16:31672059","T/C","9.99e-05","522","28.92","43.57","39.7"
"KIRC","rs34208789","chr16:31674013","A/AT","4.89e-05","521","26.07","43.43","39.47"
"KIRC","rs2222754","chr16:31674129","T/C","4.55e-05","522","26.07","43.17","39.7"
"KIRC","rs8062902","chr16:31699805","G/T","3.25e-06","527","20.62","41.73","40"
"KIRC","rs916927","chr17:40864674","T/C","9.38e-05","513","40.93","42.2","15.18"
"KIRC","rs55677643","chr17:40865745","T/C","0.000104","516","39.85","43.02","15.18"
"KIRC","rs3760333","chr17:40867623","A/G","5.62e-05","527","39.85","43","16.65"
"KIRC","rs12150519","chr17:7298362","C/T","2.3e-06","527","41.13","37.63","12.5"
"KIRC","rs263465","chr1:86719766","T/G","8.76e-05","513","45.77","37.72","21.82"
"KIRC","rs263496","chr1:86750078","T/C","9.02e-05","524","45.17","36.87","24.5"
"KIRC","rs10420430","chr19:37403292","C/G","0.000105","521","38.97","46","24.5"
"KIRC","rs4801803","chr19:37476021","A/G","3.08e-05","527","21.82","45.47","38.97"
"KIRC","rs59240271","chr19:45088725","T/A","2.39e-05","506","41.27","36.48","16"
"KIRC","rs4911193","chr20:31286089","G/C","8.58e-05","521","11.47","51.2","37.77"
"KIRC","rs6061162","chr20:31305698","C/T","8.62e-05","522","11.47","51.2","37.77"
"KIRC","rs113918702","chr20:46465933","G/A","4.98e-05","522","42.47","35.7","4.6"
"KIRC","rs6011967","chr20:46466522","T/C","3.68e-05","522","43.02","34.7","4.6"
"KIRC","rs6011968","chr20:46470229","G/A","4.93e-11","519","42.47","37.03","2.17"
"KIRC","rs138337842","chr20:46471644","A/AT","4.92e-05","520","43.03","35.7","4.6"
"KIRC","rs7266119","chr20:46472122","C/T","6.09e-05","520","43","37.03","4.6"
"KIRC","rs78449529","chr21:43029312","G/A","1.8e-07","519","39.7","37.53","3.37"
"KIRC","rs6748344","chr2:170508124","C/G","2.27e-05","527","45.93","38.83","29.5"
"KIRC","rs59207796","chr2:190569851","CACATG/C","9.7e-05","520","42.2","36.9","39.37"
"KIRC","rs6714326","chr2:207677896","C/T","8.64e-06","508","40.8","40","19.27"
"KIRC","rs148697471","chr2:207677922","AAAAT/A","1.09e-05","505","40.8","40","19.27"
"KIRC","rs11690333","chr2:207680736","C/T","0.000107","527","22.85","39.77","41"
"KIRC","rs12988392","chr2:207684044","G/C","9.59e-05","501","39.47","39","27.65"
"KIRC","rs12988399","chr2:207684050","G/T","9.59e-05","501","39.47","39","27.65"
"KIRC","rs12996401","chr2:207685618","C/T","4.38e-05","501","40","38.92","27.65"
"KIRC","rs4234071","chr2:227359684","G/T","8.46e-09","521","2.43","24.75","42.27"
"KIRC","rs13028688","chr2:233425866","A/G","3.27e-05","518","39","45.47","4.57"
"KIRC","rs7608154","chr2:49745233","G/T","8.36e-07","515","39.62","41.27","16.17"
"KIRC","rs1809092","chr2:98159457","C/T","3.86e-06","519","42.47","36.53","9.22"
"KIRC","rs6441229","chr3:158835399","G/C","1.93e-05","509","37.33","46.17","31.73"
"KIRC","rs7651532","chr3:158836826","C/G","7.31e-06","527","31.92","46.85","38"
"KIRC","rs11926372","chr3:183487373","G/T","2.03e-05","527","8.95","32.77","42.2"
"KIRC","rs61353631","chr3:197585831","G/A","1.52e-05","515","45.37","32.58","29.1"
"KIRC","rs73085672","chr3:197589872","A/G","8.87e-06","506","45.57","35.28","21.23"
"KIRC","rs59669733","chr3:197590278","G/A","6.79e-06","505","45.63","35.28","21.23"
"KIRC","rs3731497","chr3:48185063","T/G","7.83e-05","513","40.57","40.93","21.12"
"KIRC","rs7647817","chr3:48195017","G/A","6.21e-05","518","39.7","40.3","23.1"
"KIRC","rs11707606","chr3:48195597","A/C","6.65e-05","517","39.7","40.6","23.1"
"KIRC","rs13087929","chr3:48198799","G/A","5.54e-05","516","39.7","40.6","21.12"
"KIRC","rs36064160","chr3:48201611","C/G","4.61e-05","512","39.7","41.27","21.12"
"KIRC","rs17786132","chr3:48207930","C/G","5.88e-05","512","39.7","41.27","21.12"
"KIRC","rs35456569","chr3:48209409","T/A","5.88e-05","512","39.7","41.27","21.12"
"KIRC","rs11715799","chr3:48213730","A/G","6.48e-05","512","40.13","40.93","21.12"
"KIRC","rs140011703","chr3:48214973","CA/C","6.02e-05","513","39.7","40.93","21.12"
"KIRC","rs36020562","chr3:48217148","A/G","6.5e-05","514","39.7","41.27","21.12"
"KIRC","rs34728236","chr3:48217618","A/G","6.5e-05","514","39.7","41.27","21.12"
"KIRC","rs79310258","chr3:48218177","C/G","6.5e-05","514","39.7","41.27","21.12"
"KIRC","rs143299891","chr3:48237782","A/AT","7.51e-05","519","39.53","41.27","19.13"
"KIRC","rs34762142","chr3:48238324","A/AC","7.51e-05","519","39.53","41.27","19.13"
"KIRC","rs35974605","chr3:48238683","AAGG/A","7.68e-05","520","39.53","41.27","19.13"
"KIRC","rs11719365","chr3:48239002","C/T","7.51e-05","519","39.53","41.27","19.13"
"KIRC","rs6796343","chr3:48240531","C/A","7.51e-05","519","39.53","41.27","19.13"
"KIRC","rs13100815","chr3:48245959","A/C","8.7e-05","511","39.53","41.8","21.12"
"KIRC","rs13059037","chr3:48246389","A/G","7.75e-05","513","39.62","41.27","21.12"
"KIRC","rs35414021","chr3:48252034","G/C","8.16e-05","514","39.62","41.8","21.12"
"KIRC","rs71323391","chr3:48254210","C/T","8.02e-05","513","39.62","41.27","21.12"
"KIRC","rs34885035","chr3:48256503","TG/T","7.14e-05","515","39.7","41.8","21.12"
"KIRC","rs936427","chr3:48259584","A/G","2.7e-07","527","19.13","40.93","40.78"
"KIRC","rs13068265","chr3:48260124","A/C","6.41e-05","518","39.62","41.27","21.12"
"KIRC","rs35297395","chr3:48301392","C/T","3.51e-05","520","39.53","40.93","19.13"
"KIRC","rs36075665","chr3:48301597","C/T","3.51e-05","520","39.53","40.93","19.13"
"KIRC","rs34630841","chr3:48301771","G/A","3.31e-05","520","39.27","41.27","19.13"
"KIRC","rs35190747","chr3:48301800","C/T","3.51e-05","520","39.53","40.93","19.13"
"KIRC","rs7621785","chr3:48302218","T/C","3.51e-05","520","39.53","40.93","19.13"
"KIRC","rs4511915","chr3:48302368","G/A","3.14e-05","521","39.62","40.93","19.13"
"KIRC","rs13066758","chr3:48302387","G/A","3.14e-05","521","39.62","40.93","19.13"
"KIRC","rs4392440","chr3:48302430","C/T","3.14e-05","521","39.62","40.93","19.13"
"KIRC","rs13082859","chr3:48303185","C/T","3.23e-05","522","39.62","41.27","19.13"
"KIRC","rs35802497","chr3:48303959","A/T","3.23e-05","522","39.62","41.27","19.13"
"KIRC","rs36121690","chr3:48304021","C/T","3.23e-05","521","39.7","41.27","19.13"
"KIRC","rs34644650","chr3:48305469","GCAAT/G","3.23e-05","522","39.62","41.27","19.13"
"KIRC","rs35778847","chr3:48305495","G/T","3.23e-05","522","39.62","41.27","19.13"
"KIRC","rs34749846","chr3:48305678","T/G","3.23e-05","522","39.62","41.27","19.13"
"KIRC","rs7632297","chr3:48306673","A/C","3.23e-05","522","39.62","41.27","19.13"
"KIRC","rs79089926","chr3:48307074","A/C","3.27e-05","523","39.62","41.27","19.13"
"KIRC","rs78159520","chr3:48307533","T/C","2.79e-05","520","39.7","41.27","19.13"
"KIRC","rs77044321","chr3:48307824","C/T","3.09e-05","523","39.53","41.27","19.13"
"KIRC","rs13070210","chr3:48308013","G/A","3.27e-05","523","39.62","41.27","19.13"
"KIRC","rs4511916","chr3:48308876","G/A","3.27e-05","523","39.62","41.27","19.13"
"KIRC","rs7624450","chr3:48308885","A/G","3.27e-05","523","39.62","41.27","19.13"
"KIRC","rs6793150","chr3:48310070","G/A","3.27e-05","523","39.62","41.27","19.13"
"KIRC","rs6793239","chr3:48310128","G/T","3.27e-05","523","39.62","41.27","19.13"
"KIRC","rs6782166","chr3:48310193","A/G","3.27e-05","523","39.62","41.27","19.13"
"KIRC","rs34109387","chr3:48310566","TC/T","3.27e-05","523","39.62","41.27","19.13"
"KIRC","rs4130522","chr3:48310823","G/A","3.27e-05","523","39.62","41.27","19.13"
"KIRC","rs4371540","chr3:48312053","G/A","3.09e-05","523","39.53","41.27","19.13"
"KIRC","rs4404473","chr3:48312136","A/G","4.6e-05","513","39.62","41.27","19.13"
"KIRC","rs13095983","chr3:48312721","G/A","3.27e-05","523","39.62","41.27","19.13"
"KIRC","rs13069029","chr3:48313534","A/G","3.27e-05","523","39.62","41.27","19.13"
"KIRC","rs13081169","chr3:48315307","G/A","3.27e-05","523","39.62","41.27","19.13"
"KIRC","rs71323394","chr3:48315718","C/T","3.27e-05","523","39.62","41.27","19.13"
"KIRC","rs13081633","chr3:48315791","A/G","3.09e-05","523","39.53","41.27","19.13"
"KIRC","rs7652233","chr3:48317264","T/G","2.97e-05","525","39.53","41.27","19.13"
"KIRC","rs35411187","chr3:48318527","C/G","2.97e-05","525","39.53","41.27","19.13"
"KIRC","rs11706277","chr3:48318943","A/G","6.79e-06","527","41.13","40","17.55"
"KIRC","rs11714176","chr3:48319372","C/T","2.97e-05","525","39.53","41.27","19.13"
"KIRC","rs11718350","chr3:48319502","T/G","2.8e-05","525","39.35","41.27","19.13"
"KIRC","rs7653152","chr3:48320607","G/C","3.05e-05","511","39.17","41.27","20.75"
"KIRC","rs7645425","chr3:48320879","A/T","8.45e-05","520","39","42.33","28.78"
"KIRC","rs11716371","chr3:48321260","C/T","8.45e-05","520","39","42.33","28.78"
"KIRC","rs6793223","chr3:48322611","C/T","8.45e-05","520","39","42.33","28.78"