"seqnames","start","end","width","strand","source","type","score","phase","gene_id","gene_version","gene_name","gene_source","gene_biotype","transcript_id","transcript_version","transcript_name","transcript_source","transcript_biotype","tag","transcript_support_level","exon_number","exon_id","exon_version","protein_id","protein_version","ccds_id"
"1",151281543,151282013,471,"-","havana_tagene","exon",NA,NA,"ENSG00000232671","9","ZNF687-AS1","havana","lncRNA","ENST00000661167","3","ZNF687-AS1-204","havana_tagene","lncRNA","gencode_basic",NA,"1","ENSE00004214908","1",NA,NA,NA
"1",151281543,151281929,387,"-","havana","exon",NA,NA,"ENSG00000232671","9","ZNF687-AS1","havana","lncRNA","ENST00000447795","3","ZNF687-AS1-201","havana","lncRNA",NA,"1","1","ENSE00001686367","1",NA,NA,NA
"1",151281543,151281950,408,"-","havana_tagene","exon",NA,NA,"ENSG00000232671","9","ZNF687-AS1","havana","lncRNA","ENST00000660511","1","ZNF687-AS1-203","havana_tagene","lncRNA",NA,NA,"1","ENSE00003871784","1",NA,NA,NA
"1",151281543,151282000,458,"-","havana_tagene","exon",NA,NA,"ENSG00000232671","9","ZNF687-AS1","havana","lncRNA","ENST00000814157","1","ZNF687-AS1-205","havana_tagene","lncRNA","Ensembl_canonical",NA,"1","ENSE00004214910","1",NA,NA,NA
"1",151281543,151281685,143,"-","havana_tagene","exon",NA,NA,"ENSG00000232671","9","ZNF687-AS1","havana","lncRNA","ENST00000814159","1","ZNF687-AS1-207","havana_tagene","lncRNA",NA,NA,"1","ENSE00004214914","1",NA,NA,NA
"1",151281543,151281938,396,"-","havana_tagene","exon",NA,NA,"ENSG00000232671","9","ZNF687-AS1","havana","lncRNA","ENST00000814160","1","ZNF687-AS1-208","havana_tagene","lncRNA",NA,NA,"1","ENSE00004214915","1",NA,NA,NA
"1",153141427,153142249,823,"-","havana_tagene","exon",NA,NA,"ENSG00000301592","1",NA,"havana_tagene","lncRNA","ENST00000780076","1",NA,"havana_tagene","lncRNA","Ensembl_canonical",NA,"1","ENSE00004151002","1",NA,NA,NA
"1",153141427,153142015,589,"-","havana_tagene","exon",NA,NA,"ENSG00000301592","1",NA,"havana_tagene","lncRNA","ENST00000780077","1",NA,"havana_tagene","lncRNA","gencode_basic",NA,"1","ENSE00004151005","1",NA,NA,NA
"1",165598336,165598684,349,"+","havana_tagene","exon",NA,NA,"ENSG00000236206","3",NA,"havana","lncRNA","ENST00000654631","2",NA,"havana_tagene","lncRNA",NA,NA,"1","ENSE00004264357","1",NA,NA,NA
"1",165598352,165598684,333,"+","havana_tagene","exon",NA,NA,"ENSG00000236206","3",NA,"havana","lncRNA","ENST00000840717","1",NA,"havana_tagene","lncRNA","gencode_basic",NA,"1","ENSE00004264351","1",NA,NA,NA
"1",165598352,165598744,393,"+","havana_tagene","exon",NA,NA,"ENSG00000236206","3",NA,"havana","lncRNA","ENST00000840719","1",NA,"havana_tagene","lncRNA",NA,NA,"1","ENSE00004264348","1",NA,NA,NA
"1",165598356,165598622,267,"+","havana_tagene","exon",NA,NA,"ENSG00000236206","3",NA,"havana","lncRNA","ENST00000669787","1",NA,"havana_tagene","lncRNA","gencode_basic",NA,"1","ENSE00003874915","1",NA,NA,NA
"1",165598359,165598622,264,"+","havana_tagene","exon",NA,NA,"ENSG00000236206","3",NA,"havana","lncRNA","ENST00000840718","1",NA,"havana_tagene","lncRNA",NA,NA,"1","ENSE00004264350","1",NA,NA,NA
"1",165598371,165598622,252,"+","havana_tagene","exon",NA,NA,"ENSG00000236206","3",NA,"havana","lncRNA","ENST00000659914","2",NA,"havana_tagene","lncRNA","Ensembl_canonical",NA,"1","ENSE00004264352","1",NA,NA,NA
"1",178017088,178017509,422,"-","havana_tagene","exon",NA,NA,"ENSG00000293477","2","CRYZL2P","havana","lncRNA","ENST00000760148","1","CRYZL2P-232","havana_tagene","lncRNA",NA,NA,"5","ENSE00004113474","1",NA,NA,NA
"1",178017088,178017509,422,"-","havana_tagene","exon",NA,NA,"ENSG00000293477","2","CRYZL2P","havana","lncRNA","ENST00000760149","1","CRYZL2P-233","havana_tagene","lncRNA",NA,NA,"6","ENSE00004113474","1",NA,NA,NA
"1",178017088,178017509,422,"-","havana_tagene","exon",NA,NA,"ENSG00000293477","2","CRYZL2P","havana","lncRNA","ENST00000760150","1","CRYZL2P-234","havana_tagene","lncRNA",NA,NA,"9","ENSE00004113474","1",NA,NA,NA
"1",178017088,178017509,422,"-","havana_tagene","exon",NA,NA,"ENSG00000293477","2","CRYZL2P","havana","lncRNA","ENST00000760151","1","CRYZL2P-235","havana_tagene","lncRNA",NA,NA,"5","ENSE00004113474","1",NA,NA,NA
"1",178017088,178017509,422,"-","havana_tagene","exon",NA,NA,"ENSG00000293477","2","CRYZL2P","havana","lncRNA","ENST00000760152","1","CRYZL2P-236","havana_tagene","lncRNA",NA,NA,"8","ENSE00004113474","1",NA,NA,NA
"1",178017091,178017509,419,"-","havana_tagene","exon",NA,NA,"ENSG00000293477","2","CRYZL2P","havana","lncRNA","ENST00000760178","1","CRYZL2P-262","havana_tagene","lncRNA",NA,NA,"2","ENSE00004113489","1",NA,NA,NA
"2",113978026,113979547,1522,"-","havana_tagene","exon",NA,NA,"ENSG00000307741","1",NA,"havana_tagene","lncRNA","ENST00000828396","1",NA,"havana_tagene","lncRNA","Ensembl_canonical",NA,"1","ENSE00004241065","1",NA,NA,NA
"2",113978838,113979254,417,"+","havana_tagene","exon",NA,NA,"ENSG00000234199","4","LINC01191","havana","lncRNA","ENST00000660948","2","LINC01191-205","havana_tagene","lncRNA",NA,NA,"1","ENSE00004240506","1",NA,NA,NA
"2",113978868,113979254,387,"+","havana_tagene","exon",NA,NA,"ENSG00000234199","4","LINC01191","havana","lncRNA","ENST00000670955","1","LINC01191-207","havana_tagene","lncRNA","gencode_basic",NA,"1","ENSE00003886282","1",NA,NA,NA
"2",113978880,113979420,541,"+","havana_tagene","exon",NA,NA,"ENSG00000234199","4","LINC01191","havana","lncRNA","ENST00000828062","1","LINC01191-210","havana_tagene","lncRNA",NA,NA,"1","ENSE00004240509","1",NA,NA,NA
"2",113978884,113979254,371,"+","havana_tagene","exon",NA,NA,"ENSG00000234199","4","LINC01191","havana","lncRNA","ENST00000656323","1","LINC01191-203","havana_tagene","lncRNA",NA,NA,"1","ENSE00003852365","1",NA,NA,NA
"2",113999793,114000637,845,"+","havana_tagene","exon",NA,NA,"ENSG00000234199","4","LINC01191","havana","lncRNA","ENST00000658731","1","LINC01191-204","havana_tagene","lncRNA","gencode_basic",NA,"1","ENSE00003855009","1",NA,NA,NA
"2",114000035,114000637,603,"+","havana_tagene","exon",NA,NA,"ENSG00000234199","4","LINC01191","havana","lncRNA","ENST00000663402","1","LINC01191-206","havana_tagene","lncRNA","gencode_basic",NA,"2","ENSE00003867622","1",NA,NA,NA
"2",131423759,131424053,295,"-","havana_tagene","exon",NA,NA,"ENSG00000306208","1",NA,"havana_tagene","lncRNA","ENST00000816270","1",NA,"havana_tagene","lncRNA","Ensembl_canonical",NA,"1","ENSE00004218871","1",NA,NA,NA
"2",131423801,131424867,1067,"-","havana","exon",NA,NA,"ENSG00000214077","4","GNAQP1","havana","transcribed_processed_pseudogene","ENST00000444815","2","GNAQP1-201","havana","transcribed_processed_pseudogene","Ensembl_canonical","NA","1","ENSE00001750103","2",NA,NA,NA
"2",207680729,207680871,143,"-","havana_tagene","exon",NA,NA,"ENSG00000296093","1",NA,"havana_tagene","lncRNA","ENST00000736358","1",NA,"havana_tagene","lncRNA","Ensembl_canonical",NA,"2","ENSE00004069616","1",NA,NA,NA
"3",48256350,48256938,589,"-","havana","exon",NA,NA,"ENSG00000229759","1","MRPS18AP1","havana","processed_pseudogene","ENST00000414458","1","MRPS18AP1-201","havana","processed_pseudogene","Ensembl_canonical","NA","1","ENSE00001732809","1",NA,NA,NA
"3",48301439,48302340,902,"+","havana_tagene","exon",NA,NA,"ENSG00000289043","2",NA,"havana_tagene","lncRNA","ENST00000684930","2",NA,"havana_tagene","lncRNA","gencode_basic",NA,"1","ENSE00004054538","1",NA,NA,NA
"3",48302385,48304153,1769,"+","havana_tagene","exon",NA,NA,"ENSG00000289043","2",NA,"havana_tagene","lncRNA","ENST00000728237","1",NA,"havana_tagene","lncRNA","Ensembl_canonical",NA,"2","ENSE00004054539","1",NA,NA,NA
"3",197585277,197585906,630,"-","havana_tagene","exon",NA,NA,"ENSG00000291091","2",NA,"havana","lncRNA","ENST00000751214","1",NA,"havana_tagene","lncRNA",NA,NA,"8","ENSE00004096334","1",NA,NA,NA
"3",197590199,197590393,195,"-","havana_tagene","exon",NA,NA,"ENSG00000291091","2",NA,"havana","lncRNA","ENST00000701105","2",NA,"havana_tagene","lncRNA",NA,NA,"9","ENSE00003981831","1",NA,NA,NA
"5",88269468,88282106,12639,"+","havana_tagene","exon",NA,NA,"ENSG00000247828","11","TMEM161B-DT","havana","lncRNA","ENST00000670451","1","TMEM161B-DT-257","havana_tagene","lncRNA","gencode_basic",NA,"2","ENSE00003869165","1",NA,NA,NA
"5",88282603,88287627,5025,"+","havana_tagene","exon",NA,NA,"ENSG00000247828","11","TMEM161B-DT","havana","lncRNA","ENST00000669353","2","TMEM161B-DT-253","havana_tagene","lncRNA",NA,NA,"4","ENSE00004165023","1",NA,NA,NA
"5",88282603,88287016,4414,"+","havana_tagene","exon",NA,NA,"ENSG00000247828","11","TMEM161B-DT","havana","lncRNA","ENST00000660783","1","TMEM161B-DT-232","havana_tagene","lncRNA",NA,NA,"4","ENSE00003878463","1",NA,NA,NA
"5",88282603,88286977,4375,"+","havana_tagene","exon",NA,NA,"ENSG00000247828","11","TMEM161B-DT","havana","lncRNA","ENST00000659938","1","TMEM161B-DT-231","havana_tagene","lncRNA","gencode_basic",NA,"4","ENSE00003869197","1",NA,NA,NA
"5",88285741,88286067,327,"+","havana","exon",NA,NA,"ENSG00000247828","11","TMEM161B-DT","havana","lncRNA","ENST00000504769","5","TMEM161B-DT-205","havana","lncRNA",NA,"4","4","ENSE00002060185","1",NA,NA,NA
"5",88285741,88285851,111,"+","havana_tagene","exon",NA,NA,"ENSG00000247828","11","TMEM161B-DT","havana","lncRNA","ENST00000670451","1","TMEM161B-DT-257","havana_tagene","lncRNA","gencode_basic",NA,"4","ENSE00002025247","1",NA,NA,NA
"5",88285741,88285851,111,"+","havana","exon",NA,NA,"ENSG00000247828","11","TMEM161B-DT","havana","lncRNA","ENST00000506584","5","TMEM161B-DT-207","havana","lncRNA","gencode_basic","3","6","ENSE00002025247","1",NA,NA,NA
"5",88285741,88285851,111,"+","havana_tagene","exon",NA,NA,"ENSG00000247828","11","TMEM161B-DT","havana","lncRNA","ENST00000504636","2","TMEM161B-DT-204","havana_tagene","lncRNA",NA,"2 (assigned to previous version 1)","5","ENSE00002025247","1",NA,NA,NA
"5",88285741,88285851,111,"+","havana_tagene","exon",NA,NA,"ENSG00000247828","11","TMEM161B-DT","havana","lncRNA","ENST00000662970","3","TMEM161B-DT-236","havana_tagene","lncRNA",NA,NA,"5","ENSE00002025247","1",NA,NA,NA
"5",88285741,88285851,111,"+","havana_tagene","exon",NA,NA,"ENSG00000247828","11","TMEM161B-DT","havana","lncRNA","ENST00000663490","1","TMEM161B-DT-238","havana_tagene","lncRNA",NA,NA,"5","ENSE00002025247","1",NA,NA,NA
"5",88285741,88285851,111,"+","havana_tagene","exon",NA,NA,"ENSG00000247828","11","TMEM161B-DT","havana","lncRNA","ENST00000659093","1","TMEM161B-DT-229","havana_tagene","lncRNA","gencode_basic",NA,"6","ENSE00002025247","1",NA,NA,NA
"5",88285741,88286771,1031,"+","havana_tagene","exon",NA,NA,"ENSG00000247828","11","TMEM161B-DT","havana","lncRNA","ENST00000664462","1","TMEM161B-DT-240","havana_tagene","lncRNA",NA,NA,"6","ENSE00003856173","1",NA,NA,NA
"5",88285741,88285851,111,"+","havana_tagene","exon",NA,NA,"ENSG00000247828","11","TMEM161B-DT","havana","lncRNA","ENST00000670873","1","TMEM161B-DT-258","havana_tagene","lncRNA",NA,NA,"5","ENSE00002025247","1",NA,NA,NA
"5",88285741,88285851,111,"+","havana_tagene","exon",NA,NA,"ENSG00000247828","11","TMEM161B-DT","havana","lncRNA","ENST00000659215","1","TMEM161B-DT-230","havana_tagene","lncRNA",NA,NA,"5","ENSE00002025247","1",NA,NA,NA
"5",88285741,88285851,111,"+","havana_tagene","exon",NA,NA,"ENSG00000247828","11","TMEM161B-DT","havana","lncRNA","ENST00000667127","1","TMEM161B-DT-247","havana_tagene","lncRNA",NA,NA,"5","ENSE00002025247","1",NA,NA,NA
"5",88285741,88285851,111,"+","havana_tagene","exon",NA,NA,"ENSG00000247828","11","TMEM161B-DT","havana","lncRNA","ENST00000688118","3","TMEM161B-DT-265","havana_tagene","lncRNA",NA,NA,"5","ENSE00002025247","1",NA,NA,NA
"5",88285741,88285851,111,"+","havana_tagene","exon",NA,NA,"ENSG00000247828","11","TMEM161B-DT","havana","lncRNA","ENST00000693402","2","TMEM161B-DT-270","havana_tagene","lncRNA",NA,NA,"6","ENSE00002025247","1",NA,NA,NA
"5",88285741,88285851,111,"+","havana_tagene","exon",NA,NA,"ENSG00000247828","11","TMEM161B-DT","havana","lncRNA","ENST00000787452","1","TMEM161B-DT-294","havana_tagene","lncRNA",NA,NA,"6","ENSE00002025247","1",NA,NA,NA
"5",88285741,88285851,111,"+","havana_tagene","exon",NA,NA,"ENSG00000247828","11","TMEM161B-DT","havana","lncRNA","ENST00000787454","1","TMEM161B-DT-296","havana_tagene","lncRNA",NA,NA,"5","ENSE00002025247","1",NA,NA,NA
"5",88285741,88285851,111,"+","havana_tagene","exon",NA,NA,"ENSG00000247828","11","TMEM161B-DT","havana","lncRNA","ENST00000787459","1","TMEM161B-DT-301","havana_tagene","lncRNA",NA,NA,"4","ENSE00002025247","1",NA,NA,NA
"5",88285741,88285851,111,"+","havana_tagene","exon",NA,NA,"ENSG00000247828","11","TMEM161B-DT","havana","lncRNA","ENST00000787460","1","TMEM161B-DT-302","havana_tagene","lncRNA","gencode_basic",NA,"6","ENSE00002025247","1",NA,NA,NA
"5",88285741,88285851,111,"+","havana_tagene","exon",NA,NA,"ENSG00000247828","11","TMEM161B-DT","havana","lncRNA","ENST00000787464","1","TMEM161B-DT-306","havana_tagene","lncRNA",NA,NA,"3","ENSE00002025247","1",NA,NA,NA
"5",88285741,88285851,111,"+","havana_tagene","exon",NA,NA,"ENSG00000247828","11","TMEM161B-DT","havana","lncRNA","ENST00000787466","1","TMEM161B-DT-308","havana_tagene","lncRNA",NA,NA,"4","ENSE00002025247","1",NA,NA,NA
"5",88285741,88285851,111,"+","havana_tagene","exon",NA,NA,"ENSG00000247828","11","TMEM161B-DT","havana","lncRNA","ENST00000787468","1","TMEM161B-DT-310","havana_tagene","lncRNA",NA,NA,"5","ENSE00002025247","1",NA,NA,NA
"5",88285741,88285851,111,"+","havana_tagene","exon",NA,NA,"ENSG00000247828","11","TMEM161B-DT","havana","lncRNA","ENST00000787470","1","TMEM161B-DT-312","havana_tagene","lncRNA",NA,NA,"6","ENSE00002025247","1",NA,NA,NA
"5",88285744,88285851,108,"+","havana_tagene","exon",NA,NA,"ENSG00000247828","11","TMEM161B-DT","havana","lncRNA","ENST00000661351","1","TMEM161B-DT-233","havana_tagene","lncRNA","gencode_basic",NA,"6","ENSE00003851455","1",NA,NA,NA
"5",88285744,88285851,108,"+","havana_tagene","exon",NA,NA,"ENSG00000247828","11","TMEM161B-DT","havana","lncRNA","ENST00000507736","2","TMEM161B-DT-208","havana_tagene","lncRNA",NA,"3 (assigned to previous version 1)","5","ENSE00003851455","1",NA,NA,NA
"5",88285744,88287092,1349,"+","havana_tagene","exon",NA,NA,"ENSG00000247828","11","TMEM161B-DT","havana","lncRNA","ENST00000666808","1","TMEM161B-DT-246","havana_tagene","lncRNA",NA,NA,"5","ENSE00003860582","1",NA,NA,NA
"5",88285744,88285851,108,"+","havana_tagene","exon",NA,NA,"ENSG00000247828","11","TMEM161B-DT","havana","lncRNA","ENST00000666577","1","TMEM161B-DT-245","havana_tagene","lncRNA",NA,NA,"6","ENSE00003851455","1",NA,NA,NA
"5",88285744,88285851,108,"+","havana_tagene","exon",NA,NA,"ENSG00000247828","11","TMEM161B-DT","havana","lncRNA","ENST00000663476","1","TMEM161B-DT-237","havana_tagene","lncRNA",NA,NA,"5","ENSE00003851455","1",NA,NA,NA
"5",88285744,88285851,108,"+","havana_tagene","exon",NA,NA,"ENSG00000247828","11","TMEM161B-DT","havana","lncRNA","ENST00000661627","1","TMEM161B-DT-235","havana_tagene","lncRNA","gencode_basic",NA,"5","ENSE00003851455","1",NA,NA,NA
"5",88285744,88285851,108,"+","havana_tagene","exon",NA,NA,"ENSG00000247828","11","TMEM161B-DT","havana","lncRNA","ENST00000668471","1","TMEM161B-DT-252","havana_tagene","lncRNA",NA,NA,"3","ENSE00003851455","1",NA,NA,NA
"5",88285744,88286802,1059,"+","havana_tagene","exon",NA,NA,"ENSG00000247828","11","TMEM161B-DT","havana","lncRNA","ENST00000670030","1","TMEM161B-DT-256","havana_tagene","lncRNA",NA,NA,"6","ENSE00003863963","1",NA,NA,NA
"5",88285744,88285851,108,"+","havana_tagene","exon",NA,NA,"ENSG00000247828","11","TMEM161B-DT","havana","lncRNA","ENST00000653898","1","TMEM161B-DT-215","havana_tagene","lncRNA",NA,NA,"5","ENSE00003851455","1",NA,NA,NA
"5",88285744,88285851,108,"+","havana_tagene","exon",NA,NA,"ENSG00000247828","11","TMEM161B-DT","havana","lncRNA","ENST00000656152","1","TMEM161B-DT-219","havana_tagene","lncRNA",NA,NA,"5","ENSE00003851455","1",NA,NA,NA
"5",88285744,88285851,108,"+","havana_tagene","exon",NA,NA,"ENSG00000247828","11","TMEM161B-DT","havana","lncRNA","ENST00000668128","1","TMEM161B-DT-251","havana_tagene","lncRNA",NA,NA,"4","ENSE00003851455","1",NA,NA,NA
"5",88285744,88285851,108,"+","havana_tagene","exon",NA,NA,"ENSG00000247828","11","TMEM161B-DT","havana","lncRNA","ENST00000653183","1","TMEM161B-DT-214","havana_tagene","lncRNA","gencode_basic",NA,"2","ENSE00003851455","1",NA,NA,NA
"5",88285744,88285851,108,"+","havana_tagene","exon",NA,NA,"ENSG00000247828","11","TMEM161B-DT","havana","lncRNA","ENST00000688523","2","TMEM161B-DT-267","havana_tagene","lncRNA",NA,NA,"5","ENSE00003851455","1",NA,NA,NA
"5",88285744,88285851,108,"+","havana_tagene","exon",NA,NA,"ENSG00000247828","11","TMEM161B-DT","havana","lncRNA","ENST00000688398","2","TMEM161B-DT-266","havana_tagene","lncRNA",NA,NA,"5","ENSE00003851455","1",NA,NA,NA
"5",88285744,88285851,108,"+","havana_tagene","exon",NA,NA,"ENSG00000247828","11","TMEM161B-DT","havana","lncRNA","ENST00000685962","1","TMEM161B-DT-261","havana_tagene","lncRNA",NA,NA,"4","ENSE00003851455","1",NA,NA,NA
"5",88285744,88285851,108,"+","havana_tagene","exon",NA,NA,"ENSG00000247828","11","TMEM161B-DT","havana","lncRNA","ENST00000702628","2","TMEM161B-DT-271","havana_tagene","lncRNA",NA,NA,"4","ENSE00003851455","1",NA,NA,NA
"5",88285744,88285851,108,"+","havana_tagene","exon",NA,NA,"ENSG00000247828","11","TMEM161B-DT","havana","lncRNA","ENST00000787442","1","TMEM161B-DT-284","havana_tagene","lncRNA",NA,NA,"5","ENSE00003851455","1",NA,NA,NA
"5",88285744,88285851,108,"+","havana_tagene","exon",NA,NA,"ENSG00000247828","11","TMEM161B-DT","havana","lncRNA","ENST00000787456","1","TMEM161B-DT-298","havana_tagene","lncRNA",NA,NA,"6","ENSE00003851455","1",NA,NA,NA
"5",88285744,88285851,108,"+","havana_tagene","exon",NA,NA,"ENSG00000247828","11","TMEM161B-DT","havana","lncRNA","ENST00000787458","1","TMEM161B-DT-300","havana_tagene","lncRNA",NA,NA,"5","ENSE00003851455","1",NA,NA,NA
"5",88285744,88285851,108,"+","havana_tagene","exon",NA,NA,"ENSG00000247828","11","TMEM161B-DT","havana","lncRNA","ENST00000787461","1","TMEM161B-DT-303","havana_tagene","lncRNA",NA,NA,"4","ENSE00003851455","1",NA,NA,NA
"5",88285744,88285851,108,"+","havana_tagene","exon",NA,NA,"ENSG00000247828","11","TMEM161B-DT","havana","lncRNA","ENST00000787462","1","TMEM161B-DT-304","havana_tagene","lncRNA",NA,NA,"6","ENSE00003851455","1",NA,NA,NA
"5",88285744,88285851,108,"+","havana_tagene","exon",NA,NA,"ENSG00000247828","11","TMEM161B-DT","havana","lncRNA","ENST00000787463","1","TMEM161B-DT-305","havana_tagene","lncRNA",NA,NA,"5","ENSE00003851455","1",NA,NA,NA
"5",88285744,88285851,108,"+","havana_tagene","exon",NA,NA,"ENSG00000247828","11","TMEM161B-DT","havana","lncRNA","ENST00000787469","1","TMEM161B-DT-311","havana_tagene","lncRNA",NA,NA,"3","ENSE00003851455","1",NA,NA,NA
"5",88285744,88285851,108,"+","havana_tagene","exon",NA,NA,"ENSG00000247828","11","TMEM161B-DT","havana","lncRNA","ENST00000787471","1","TMEM161B-DT-313","havana_tagene","lncRNA",NA,NA,"5","ENSE00003851455","1",NA,NA,NA
"5",88285744,88285851,108,"+","havana_tagene","exon",NA,NA,"ENSG00000247828","11","TMEM161B-DT","havana","lncRNA","ENST00000787473","1","TMEM161B-DT-315","havana_tagene","lncRNA",NA,NA,"6","ENSE00003851455","1",NA,NA,NA
"5",88285744,88285851,108,"+","havana_tagene","exon",NA,NA,"ENSG00000247828","11","TMEM161B-DT","havana","lncRNA","ENST00000787474","1","TMEM161B-DT-316","havana_tagene","lncRNA",NA,NA,"4","ENSE00003851455","1",NA,NA,NA
"5",88291384,88293988,2605,"+","havana_tagene","exon",NA,NA,"ENSG00000247828","11","TMEM161B-DT","havana","lncRNA","ENST00000670451","1","TMEM161B-DT-257","havana_tagene","lncRNA","gencode_basic",NA,"6","ENSE00003856067","1",NA,NA,NA
"5",88291384,88294850,3467,"+","havana_tagene","exon",NA,NA,"ENSG00000247828","11","TMEM161B-DT","havana","lncRNA","ENST00000658094","1","TMEM161B-DT-225","havana_tagene","lncRNA",NA,NA,"6","ENSE00003855123","1",NA,NA,NA
"5",88291384,88294980,3597,"+","havana_tagene","exon",NA,NA,"ENSG00000247828","11","TMEM161B-DT","havana","lncRNA","ENST00000664546","1","TMEM161B-DT-241","havana_tagene","lncRNA",NA,NA,"5","ENSE00003873280","1",NA,NA,NA
"5",88291384,88293988,2605,"+","havana_tagene","exon",NA,NA,"ENSG00000247828","11","TMEM161B-DT","havana","lncRNA","ENST00000670873","1","TMEM161B-DT-258","havana_tagene","lncRNA",NA,NA,"7","ENSE00003856067","1",NA,NA,NA
"5",88291384,88293238,1855,"+","havana_tagene","exon",NA,NA,"ENSG00000247828","11","TMEM161B-DT","havana","lncRNA","ENST00000658611","1","TMEM161B-DT-227","havana_tagene","lncRNA",NA,NA,"5","ENSE00003887030","1",NA,NA,NA
"5",88291384,88293232,1849,"+","havana_tagene","exon",NA,NA,"ENSG00000247828","11","TMEM161B-DT","havana","lncRNA","ENST00000653898","1","TMEM161B-DT-215","havana_tagene","lncRNA",NA,NA,"6","ENSE00003859071","1",NA,NA,NA
"5",88291384,88293230,1847,"+","havana_tagene","exon",NA,NA,"ENSG00000247828","11","TMEM161B-DT","havana","lncRNA","ENST00000667139","1","TMEM161B-DT-248","havana_tagene","lncRNA",NA,NA,"6","ENSE00003852148","1",NA,NA,NA
"5",88291384,88292275,892,"+","havana_tagene","exon",NA,NA,"ENSG00000247828","11","TMEM161B-DT","havana","lncRNA","ENST00000656152","1","TMEM161B-DT-219","havana_tagene","lncRNA",NA,NA,"7","ENSE00003881210","1",NA,NA,NA
"5",88291384,88293230,1847,"+","havana_tagene","exon",NA,NA,"ENSG00000247828","11","TMEM161B-DT","havana","lncRNA","ENST00000669465","1","TMEM161B-DT-254","havana_tagene","lncRNA",NA,NA,"6","ENSE00003852148","1",NA,NA,NA
"5",88292568,88293224,657,"+","havana_tagene","exon",NA,NA,"ENSG00000247828","11","TMEM161B-DT","havana","lncRNA","ENST00000666577","1","TMEM161B-DT-245","havana_tagene","lncRNA",NA,NA,"8","ENSE00003859140","1",NA,NA,NA
"5",88292568,88296332,3765,"+","havana_tagene","exon",NA,NA,"ENSG00000247828","11","TMEM161B-DT","havana","lncRNA","ENST00000653918","1","TMEM161B-DT-216","havana_tagene","lncRNA","gencode_basic",NA,"6","ENSE00003873179","1",NA,NA,NA
"5",88292568,88294547,1980,"+","havana_tagene","exon",NA,NA,"ENSG00000247828","11","TMEM161B-DT","havana","lncRNA","ENST00000659215","1","TMEM161B-DT-230","havana_tagene","lncRNA",NA,NA,"7","ENSE00003856795","1",NA,NA,NA
"7",100324153,100325779,1627,"-","havana_tagene","exon",NA,NA,"ENSG00000291178","2",NA,"havana","lncRNA","ENST00000674972","3",NA,"havana_tagene","lncRNA",NA,NA,"6","ENSE00004269430","1",NA,NA,NA
"7",100327923,100329019,1097,"-","havana_tagene","exon",NA,NA,"ENSG00000291178","2",NA,"havana","lncRNA","ENST00000675486","3",NA,"havana_tagene","lncRNA","gencode_basic",NA,"5","ENSE00004269505","1",NA,NA,NA
"7",100328594,100329019,426,"-","havana_tagene","exon",NA,NA,"ENSG00000291178","2",NA,"havana","lncRNA","ENST00000693338","2",NA,"havana_tagene","lncRNA",NA,NA,"5","ENSE00004269391","1",NA,NA,NA
"7",100328595,100329019,425,"-","havana_tagene","exon",NA,NA,"ENSG00000291178","2",NA,"havana","lncRNA","ENST00000692066","2",NA,"havana_tagene","lncRNA",NA,NA,"5","ENSE00004269397","1",NA,NA,NA
"7",100328595,100329194,600,"-","havana_tagene","exon",NA,NA,"ENSG00000291178","2",NA,"havana","lncRNA","ENST00000688879","2",NA,"havana_tagene","lncRNA",NA,NA,"5","ENSE00004269507","1",NA,NA,NA
"7",100328595,100329019,425,"-","havana_tagene","exon",NA,NA,"ENSG00000291178","2",NA,"havana","lncRNA","ENST00000690455","3",NA,"havana_tagene","lncRNA",NA,NA,"4","ENSE00004269397","1",NA,NA,NA
"7",100328595,100329194,600,"-","havana_tagene","exon",NA,NA,"ENSG00000291178","2",NA,"havana","lncRNA","ENST00000691365","3",NA,"havana_tagene","lncRNA",NA,NA,"5","ENSE00004269507","1",NA,NA,NA
"7",100328595,100329019,425,"-","havana_tagene","exon",NA,NA,"ENSG00000291178","2",NA,"havana","lncRNA","ENST00000701370","2",NA,"havana_tagene","lncRNA",NA,NA,"5","ENSE00004269397","1",NA,NA,NA
"7",100328595,100329019,425,"-","havana_tagene","exon",NA,NA,"ENSG00000291178","2",NA,"havana","lncRNA","ENST00000692106","2",NA,"havana_tagene","lncRNA",NA,NA,"5","ENSE00004269397","1",NA,NA,NA
"7",100328595,100329019,425,"-","havana_tagene","exon",NA,NA,"ENSG00000291178","2",NA,"havana","lncRNA","ENST00000702701","2",NA,"havana_tagene","lncRNA",NA,NA,"5","ENSE00004269397","1",NA,NA,NA
"7",100328595,100329019,425,"-","havana_tagene","exon",NA,NA,"ENSG00000291178","2",NA,"havana","lncRNA","ENST00000843550","1",NA,"havana_tagene","lncRNA",NA,NA,"4","ENSE00004269397","1",NA,NA,NA
"7",100328595,100329019,425,"-","havana_tagene","exon",NA,NA,"ENSG00000291178","2",NA,"havana","lncRNA","ENST00000843551","1",NA,"havana_tagene","lncRNA",NA,NA,"3","ENSE00004269397","1",NA,NA,NA
"7",100328681,100329194,514,"-","havana_tagene","exon",NA,NA,"ENSG00000291178","2",NA,"havana","lncRNA","ENST00000674747","2",NA,"havana_tagene","lncRNA",NA,NA,"4","ENSE00004269512","1",NA,NA,NA
"7",100328681,100329019,339,"-","havana_tagene","exon",NA,NA,"ENSG00000291178","2",NA,"havana","lncRNA","ENST00000843552","1",NA,"havana_tagene","lncRNA",NA,NA,"3","ENSE00004269539","1",NA,NA,NA
"7",100328681,100329194,514,"-","havana_tagene","exon",NA,NA,"ENSG00000291178","2",NA,"havana","lncRNA","ENST00000843554","1",NA,"havana_tagene","lncRNA",NA,NA,"4","ENSE00004269512","1",NA,NA,NA
"7",100328684,100329019,336,"-","havana_tagene","exon",NA,NA,"ENSG00000291178","2",NA,"havana","lncRNA","ENST00000843555","1",NA,"havana_tagene","lncRNA",NA,NA,"6","ENSE00004269575","1",NA,NA,NA
"7",100328684,100329019,336,"-","havana_tagene","exon",NA,NA,"ENSG00000291178","2",NA,"havana","lncRNA","ENST00000843556","1",NA,"havana_tagene","lncRNA",NA,NA,"4","ENSE00004269575","1",NA,NA,NA
"7",100328684,100329194,511,"-","havana_tagene","exon",NA,NA,"ENSG00000291178","2",NA,"havana","lncRNA","ENST00000843557","1",NA,"havana_tagene","lncRNA",NA,NA,"5","ENSE00004269576","1",NA,NA,NA
"7",100328687,100329019,333,"-","havana_tagene","exon",NA,NA,"ENSG00000291178","2",NA,"havana","lncRNA","ENST00000843553","1",NA,"havana_tagene","lncRNA",NA,NA,"6","ENSE00004269483","1",NA,NA,NA
"7",100328687,100329019,333,"-","havana_tagene","exon",NA,NA,"ENSG00000291178","2",NA,"havana","lncRNA","ENST00000843558","1",NA,"havana_tagene","lncRNA",NA,NA,"5","ENSE00004269483","1",NA,NA,NA
"7",100328754,100329019,266,"-","havana_tagene","exon",NA,NA,"ENSG00000291178","2",NA,"havana","lncRNA","ENST00000843559","1",NA,"havana_tagene","lncRNA",NA,NA,"4","ENSE00004269416","1",NA,NA,NA
"7",100328836,100329019,184,"-","havana","exon",NA,NA,"ENSG00000078319","13","PMS2P1","havana","transcribed_unprocessed_pseudogene","ENST00000431037","5","PMS2P1-201","havana","transcribed_unprocessed_pseudogene","Ensembl_canonical","NA (assigned to previous version 2)","5","ENSE00003810957","1",NA,NA,NA
"7",100328836,100329019,184,"-","havana","exon",NA,NA,"ENSG00000293698","1",NA,"havana","lncRNA","ENST00000718499","1",NA,"havana","lncRNA","Ensembl_canonical",NA,"5","ENSE00004035296","1",NA,NA,NA
"7",100328836,100329019,184,"-","havana_tagene","exon",NA,NA,"ENSG00000293698","1",NA,"havana","lncRNA","ENST00000842201","1",NA,"havana_tagene","lncRNA",NA,NA,"5","ENSE00004035296","1",NA,NA,NA
"7",100328836,100329019,184,"-","havana_tagene","exon",NA,NA,"ENSG00000293698","1",NA,"havana","lncRNA","ENST00000842202","1",NA,"havana_tagene","lncRNA",NA,NA,"5","ENSE00004035296","1",NA,NA,NA
"7",100328836,100329019,184,"-","havana_tagene","exon",NA,NA,"ENSG00000291178","2",NA,"havana","lncRNA","ENST00000718500","1",NA,"havana_tagene","lncRNA",NA,NA,"5","ENSE00004286255","1",NA,NA,NA
"7",100328836,100329019,184,"-","havana_tagene","exon",NA,NA,"ENSG00000291178","2",NA,"havana","lncRNA","ENST00000718501","1",NA,"havana_tagene","lncRNA",NA,NA,"5","ENSE00004286255","1",NA,NA,NA
"7",100328836,100329019,184,"-","havana","exon",NA,NA,"ENSG00000291178","2",NA,"havana","lncRNA","ENST00000718502","1",NA,"havana","lncRNA",NA,NA,"5","ENSE00004286255","1",NA,NA,NA
"7",100328836,100329019,184,"-","havana_tagene","exon",NA,NA,"ENSG00000291178","2",NA,"havana","lncRNA","ENST00000685724","2",NA,"havana_tagene","lncRNA",NA,NA,"5","ENSE00004286255","1",NA,NA,NA
"7",100328836,100329019,184,"-","havana_tagene","exon",NA,NA,"ENSG00000291178","2",NA,"havana","lncRNA","ENST00000702062","2",NA,"havana_tagene","lncRNA",NA,NA,"5","ENSE00004286255","1",NA,NA,NA
"7",100328836,100329019,184,"-","havana_tagene","exon",NA,NA,"ENSG00000291178","2",NA,"havana","lncRNA","ENST00000685541","3",NA,"havana_tagene","lncRNA",NA,NA,"5","ENSE00004286255","1",NA,NA,NA
"7",100328836,100329019,184,"-","havana_tagene","exon",NA,NA,"ENSG00000291178","2",NA,"havana","lncRNA","ENST00000692351","3",NA,"havana_tagene","lncRNA",NA,NA,"5","ENSE00004286255","1",NA,NA,NA
"7",100328836,100329194,359,"-","havana_tagene","exon",NA,NA,"ENSG00000291178","2",NA,"havana","lncRNA","ENST00000701204","2",NA,"havana_tagene","lncRNA","gencode_basic",NA,"5","ENSE00003928567","1",NA,NA,NA
"7",100328836,100329019,184,"-","havana_tagene","exon",NA,NA,"ENSG00000291178","2",NA,"havana","lncRNA","ENST00000702720","1",NA,"havana_tagene","lncRNA",NA,NA,"5","ENSE00004286255","1",NA,NA,NA
"7",100328836,100329019,184,"-","havana_tagene","exon",NA,NA,"ENSG00000291178","2",NA,"havana","lncRNA","ENST00000675162","4",NA,"havana_tagene","lncRNA","gencode_basic",NA,"5","ENSE00004286255","1",NA,NA,NA
"7",100328836,100329019,184,"-","havana_tagene","exon",NA,NA,"ENSG00000291178","2",NA,"havana","lncRNA","ENST00000687616","3",NA,"havana_tagene","lncRNA","gencode_basic",NA,"4","ENSE00004286255","1",NA,NA,NA
"7",100328836,100329019,184,"-","havana_tagene","exon",NA,NA,"ENSG00000291178","2",NA,"havana","lncRNA","ENST00000686838","2",NA,"havana_tagene","lncRNA",NA,NA,"6","ENSE00004286255","1",NA,NA,NA
"7",100328836,100329019,184,"-","havana","exon",NA,NA,"ENSG00000291178","2",NA,"havana","lncRNA","ENST00000674981","1",NA,"havana","lncRNA",NA,NA,"5","ENSE00004286255","1",NA,NA,NA
"7",100328836,100329019,184,"-","havana_tagene","exon",NA,NA,"ENSG00000291178","2",NA,"havana","lncRNA","ENST00000676241","2",NA,"havana_tagene","lncRNA","gencode_basic",NA,"6","ENSE00004286255","1",NA,NA,NA
"7",100328836,100329019,184,"-","havana_tagene","exon",NA,NA,"ENSG00000291178","2",NA,"havana","lncRNA","ENST00000687177","3",NA,"havana_tagene","lncRNA",NA,NA,"5","ENSE00004286255","1",NA,NA,NA
"7",100328836,100329019,184,"-","havana_tagene","exon",NA,NA,"ENSG00000291178","2",NA,"havana","lncRNA","ENST00000691424","2",NA,"havana_tagene","lncRNA","gencode_basic",NA,"5","ENSE00004286255","1",NA,NA,NA
"7",100328836,100329019,184,"-","havana_tagene","exon",NA,NA,"ENSG00000291178","2",NA,"havana","lncRNA","ENST00000689817","2",NA,"havana_tagene","lncRNA",NA,NA,"5","ENSE00004286255","1",NA,NA,NA
"7",100328836,100329019,184,"-","havana_tagene","exon",NA,NA,"ENSG00000291178","2",NA,"havana","lncRNA","ENST00000685901","2",NA,"havana_tagene","lncRNA",NA,NA,"5","ENSE00004286255","1",NA,NA,NA
"7",100328836,100329019,184,"-","havana_tagene","exon",NA,NA,"ENSG00000291178","2",NA,"havana","lncRNA","ENST00000690446","2",NA,"havana_tagene","lncRNA",NA,NA,"5","ENSE00004286255","1",NA,NA,NA
"7",100328836,100329019,184,"-","havana_tagene","exon",NA,NA,"ENSG00000291178","2",NA,"havana","lncRNA","ENST00000675610","3",NA,"havana_tagene","lncRNA","gencode_basic",NA,"5","ENSE00004286255","1",NA,NA,NA
"7",100328836,100329019,184,"-","havana_tagene","exon",NA,NA,"ENSG00000291178","2",NA,"havana","lncRNA","ENST00000686797","2",NA,"havana_tagene","lncRNA",NA,NA,"5","ENSE00004286255","1",NA,NA,NA
"7",100328836,100329194,359,"-","havana_tagene","exon",NA,NA,"ENSG00000291178","2",NA,"havana","lncRNA","ENST00000691910","1",NA,"havana_tagene","lncRNA",NA,NA,"5","ENSE00003928567","1",NA,NA,NA
"7",100328836,100329019,184,"-","havana_tagene","exon",NA,NA,"ENSG00000291178","2",NA,"havana","lncRNA","ENST00000676204","3",NA,"havana_tagene","lncRNA",NA,NA,"5","ENSE00004286255","1",NA,NA,NA
"7",100328836,100329019,184,"-","havana_tagene","exon",NA,NA,"ENSG00000291178","2",NA,"havana","lncRNA","ENST00000685852","2",NA,"havana_tagene","lncRNA",NA,NA,"5","ENSE00004286255","1",NA,NA,NA
"7",100328836,100329019,184,"-","havana_tagene","exon",NA,NA,"ENSG00000291178","2",NA,"havana","lncRNA","ENST00000686890","3",NA,"havana_tagene","lncRNA",NA,NA,"5","ENSE00004286255","1",NA,NA,NA
"7",100328836,100329019,184,"-","havana_tagene","exon",NA,NA,"ENSG00000291178","2",NA,"havana","lncRNA","ENST00000689609","2",NA,"havana_tagene","lncRNA","gencode_basic",NA,"5","ENSE00004286255","1",NA,NA,NA
"7",100328836,100329019,184,"-","havana_tagene","exon",NA,NA,"ENSG00000291178","2",NA,"havana","lncRNA","ENST00000691247","2",NA,"havana_tagene","lncRNA",NA,NA,"3","ENSE00004286255","1",NA,NA,NA
"7",100328836,100329019,184,"-","havana_tagene","exon",NA,NA,"ENSG00000291178","2",NA,"havana","lncRNA","ENST00000701970","1",NA,"havana_tagene","lncRNA",NA,NA,"6","ENSE00004286255","1",NA,NA,NA
"7",100328836,100329019,184,"-","havana_tagene","exon",NA,NA,"ENSG00000291178","2",NA,"havana","lncRNA","ENST00000689719","3",NA,"havana_tagene","lncRNA",NA,NA,"4","ENSE00004286255","1",NA,NA,NA
"7",100328836,100329019,184,"-","havana_tagene","exon",NA,NA,"ENSG00000291178","2",NA,"havana","lncRNA","ENST00000691275","1",NA,"havana_tagene","lncRNA",NA,NA,"3","ENSE00004286255","1",NA,NA,NA
"7",100328836,100329019,184,"-","havana_tagene","exon",NA,NA,"ENSG00000291178","2",NA,"havana","lncRNA","ENST00000691707","2",NA,"havana_tagene","lncRNA",NA,NA,"5","ENSE00004286255","1",NA,NA,NA
"7",100328836,100329019,184,"-","havana_tagene","exon",NA,NA,"ENSG00000291178","2",NA,"havana","lncRNA","ENST00000693490","3",NA,"havana_tagene","lncRNA",NA,NA,"6","ENSE00004286255","1",NA,NA,NA
"7",100328836,100329019,184,"-","havana_tagene","exon",NA,NA,"ENSG00000291178","2",NA,"havana","lncRNA","ENST00000693192","2",NA,"havana_tagene","lncRNA","gencode_basic",NA,"5","ENSE00004286255","1",NA,NA,NA
"7",100328836,100329019,184,"-","havana_tagene","exon",NA,NA,"ENSG00000291178","2",NA,"havana","lncRNA","ENST00000688544","1",NA,"havana_tagene","lncRNA",NA,NA,"6","ENSE00004286255","1",NA,NA,NA
"7",100328836,100329019,184,"-","havana_tagene","exon",NA,NA,"ENSG00000291178","2",NA,"havana","lncRNA","ENST00000689267","1",NA,"havana_tagene","lncRNA",NA,NA,"6","ENSE00004286255","1",NA,NA,NA
"7",100328836,100329019,184,"-","havana_tagene","exon",NA,NA,"ENSG00000291178","2",NA,"havana","lncRNA","ENST00000689000","2",NA,"havana_tagene","lncRNA",NA,NA,"5","ENSE00004286255","1",NA,NA,NA
"7",100328836,100329019,184,"-","havana_tagene","exon",NA,NA,"ENSG00000291178","2",NA,"havana","lncRNA","ENST00000701849","1",NA,"havana_tagene","lncRNA",NA,NA,"5","ENSE00004286255","1",NA,NA,NA
"7",100328836,100329019,184,"-","havana_tagene","exon",NA,NA,"ENSG00000291178","2",NA,"havana","lncRNA","ENST00000685805","2",NA,"havana_tagene","lncRNA",NA,NA,"6","ENSE00004286255","1",NA,NA,NA
"7",100328836,100329019,184,"-","havana_tagene","exon",NA,NA,"ENSG00000291178","2",NA,"havana","lncRNA","ENST00000692947","2",NA,"havana_tagene","lncRNA",NA,NA,"5","ENSE00004286255","1",NA,NA,NA
"7",100328836,100329019,184,"-","havana_tagene","exon",NA,NA,"ENSG00000291178","2",NA,"havana","lncRNA","ENST00000685700","1",NA,"havana_tagene","lncRNA",NA,NA,"5","ENSE00004286255","1",NA,NA,NA
"7",100328836,100329019,184,"-","havana_tagene","exon",NA,NA,"ENSG00000291178","2",NA,"havana","lncRNA","ENST00000676155","3",NA,"havana_tagene","lncRNA",NA,NA,"4","ENSE00004286255","1",NA,NA,NA
"7",100328836,100329019,184,"-","havana_tagene","exon",NA,NA,"ENSG00000291178","2",NA,"havana","lncRNA","ENST00000685670","2",NA,"havana_tagene","lncRNA",NA,NA,"4","ENSE00004286255","1",NA,NA,NA
"7",100328836,100329194,359,"-","havana_tagene","exon",NA,NA,"ENSG00000291178","2",NA,"havana","lncRNA","ENST00000701653","2",NA,"havana_tagene","lncRNA",NA,NA,"5","ENSE00003928567","1",NA,NA,NA
"7",100328836,100329019,184,"-","havana_tagene","exon",NA,NA,"ENSG00000291178","2",NA,"havana","lncRNA","ENST00000702608","1",NA,"havana_tagene","lncRNA",NA,NA,"6","ENSE00004286255","1",NA,NA,NA
"7",100328836,100329019,184,"-","havana_tagene","exon",NA,NA,"ENSG00000291178","2",NA,"havana","lncRNA","ENST00000675639","3",NA,"havana_tagene","lncRNA",NA,NA,"4","ENSE00004286255","1",NA,NA,NA
"7",100328836,100329019,184,"-","havana_tagene","exon",NA,NA,"ENSG00000291178","2",NA,"havana","lncRNA","ENST00000693302","1",NA,"havana_tagene","lncRNA",NA,NA,"5","ENSE00004286255","1",NA,NA,NA
"7",100328836,100329019,184,"-","havana_tagene","exon",NA,NA,"ENSG00000291178","2",NA,"havana","lncRNA","ENST00000702364","2",NA,"havana_tagene","lncRNA",NA,NA,"2","ENSE00004286255","1",NA,NA,NA
"7",100328836,100329019,184,"-","havana_tagene","exon",NA,NA,"ENSG00000291178","2",NA,"havana","lncRNA","ENST00000702566","1",NA,"havana_tagene","lncRNA",NA,NA,"6","ENSE00004286255","1",NA,NA,NA
"7",100328836,100329019,184,"-","havana_tagene","exon",NA,NA,"ENSG00000291178","2",NA,"havana","lncRNA","ENST00000702596","2",NA,"havana_tagene","lncRNA",NA,NA,"5","ENSE00004286255","1",NA,NA,NA
"7",100328836,100329194,359,"-","havana_tagene","exon",NA,NA,"ENSG00000291178","2",NA,"havana","lncRNA","ENST00000689447","1",NA,"havana_tagene","lncRNA",NA,NA,"5","ENSE00003928567","1",NA,NA,NA
"7",100328836,100329194,359,"-","havana_tagene","exon",NA,NA,"ENSG00000291178","2",NA,"havana","lncRNA","ENST00000691046","3",NA,"havana_tagene","lncRNA",NA,NA,"5","ENSE00003928567","1",NA,NA,NA
"7",100328836,100329019,184,"-","havana_tagene","exon",NA,NA,"ENSG00000291178","2",NA,"havana","lncRNA","ENST00000685499","2",NA,"havana_tagene","lncRNA",NA,NA,"4","ENSE00004286255","1",NA,NA,NA
"7",100328836,100329019,184,"-","havana_tagene","exon",NA,NA,"ENSG00000291178","2",NA,"havana","lncRNA","ENST00000701138","2",NA,"havana_tagene","lncRNA",NA,NA,"6","ENSE00004286255","1",NA,NA,NA
"7",100328836,100329019,184,"-","havana_tagene","exon",NA,NA,"ENSG00000291178","2",NA,"havana","lncRNA","ENST00000687801","2",NA,"havana_tagene","lncRNA",NA,NA,"6","ENSE00004286255","1",NA,NA,NA
"7",100328836,100329019,184,"-","havana_tagene","exon",NA,NA,"ENSG00000291178","2",NA,"havana","lncRNA","ENST00000689907","3",NA,"havana_tagene","lncRNA",NA,NA,"5","ENSE00004286255","1",NA,NA,NA
"7",100328836,100329019,184,"-","havana_tagene","exon",NA,NA,"ENSG00000291178","2",NA,"havana","lncRNA","ENST00000688104","3",NA,"havana_tagene","lncRNA",NA,NA,"6","ENSE00004286255","1",NA,NA,NA
"7",100328836,100329019,184,"-","havana_tagene","exon",NA,NA,"ENSG00000291178","2",NA,"havana","lncRNA","ENST00000676274","3",NA,"havana_tagene","lncRNA","gencode_basic",NA,"5","ENSE00004286255","1",NA,NA,NA
"7",100328836,100329019,184,"-","havana_tagene","exon",NA,NA,"ENSG00000291178","2",NA,"havana","lncRNA","ENST00000702448","2",NA,"havana_tagene","lncRNA",NA,NA,"5","ENSE00004286255","1",NA,NA,NA
"7",100328836,100329019,184,"-","havana_tagene","exon",NA,NA,"ENSG00000291178","2",NA,"havana","lncRNA","ENST00000689019","1",NA,"havana_tagene","lncRNA",NA,NA,"3","ENSE00004286255","1",NA,NA,NA
"7",100328836,100329751,916,"-","havana","exon",NA,NA,"ENSG00000291178","2",NA,"havana","lncRNA","ENST00000676256","1",NA,"havana","retained_intron",NA,NA,"1","ENSE00003902526","1",NA,NA,NA
"7",100328836,100329019,184,"-","havana_tagene","exon",NA,NA,"ENSG00000291178","2",NA,"havana","lncRNA","ENST00000690988","1",NA,"havana_tagene","lncRNA",NA,NA,"6","ENSE00004286255","1",NA,NA,NA
"7",100328836,100329019,184,"-","havana_tagene","exon",NA,NA,"ENSG00000291178","2",NA,"havana","lncRNA","ENST00000687713","2",NA,"havana_tagene","lncRNA",NA,NA,"4","ENSE00004286255","1",NA,NA,NA
"7",100328836,100329019,184,"-","havana_tagene","exon",NA,NA,"ENSG00000291178","2",NA,"havana","lncRNA","ENST00000702718","2",NA,"havana_tagene","lncRNA",NA,NA,"5","ENSE00004286255","1",NA,NA,NA
"7",100328836,100329019,184,"-","havana_tagene","exon",NA,NA,"ENSG00000291178","2",NA,"havana","lncRNA","ENST00000701649","2",NA,"havana_tagene","lncRNA",NA,NA,"6","ENSE00004286255","1",NA,NA,NA
"7",100328836,100329019,184,"-","havana_tagene","exon",NA,NA,"ENSG00000291178","2",NA,"havana","lncRNA","ENST00000700905","2",NA,"havana_tagene","lncRNA",NA,NA,"5","ENSE00004286255","1",NA,NA,NA
"7",100328836,100329019,184,"-","havana_tagene","exon",NA,NA,"ENSG00000291178","2",NA,"havana","lncRNA","ENST00000687026","3",NA,"havana_tagene","lncRNA",NA,NA,"5","ENSE00004286255","1",NA,NA,NA
"7",100328836,100329019,184,"-","havana_tagene","exon",NA,NA,"ENSG00000291178","2",NA,"havana","lncRNA","ENST00000674972","3",NA,"havana_tagene","lncRNA",NA,NA,"5","ENSE00004286255","1",NA,NA,NA
"7",100328836,100329019,184,"-","havana_tagene","exon",NA,NA,"ENSG00000291178","2",NA,"havana","lncRNA","ENST00000691107","3",NA,"havana_tagene","lncRNA",NA,NA,"5","ENSE00004286255","1",NA,NA,NA
"7",100328836,100329019,184,"-","havana_tagene","exon",NA,NA,"ENSG00000291178","2",NA,"havana","lncRNA","ENST00000685342","2",NA,"havana_tagene","lncRNA",NA,NA,"5","ENSE00004286255","1",NA,NA,NA
"7",100328836,100329019,184,"-","havana_tagene","exon",NA,NA,"ENSG00000291178","2",NA,"havana","lncRNA","ENST00000686569","2",NA,"havana_tagene","lncRNA",NA,NA,"5","ENSE00004286255","1",NA,NA,NA
"7",100328836,100329019,184,"-","havana_tagene","exon",NA,NA,"ENSG00000291178","2",NA,"havana","lncRNA","ENST00000689538","3",NA,"havana_tagene","lncRNA",NA,NA,"5","ENSE00004286255","1",NA,NA,NA
"7",100328836,100329019,184,"-","havana_tagene","exon",NA,NA,"ENSG00000291178","2",NA,"havana","lncRNA","ENST00000702527","2",NA,"havana_tagene","lncRNA",NA,NA,"6","ENSE00004286255","1",NA,NA,NA
"7",100328836,100329019,184,"-","havana_tagene","exon",NA,NA,"ENSG00000291178","2",NA,"havana","lncRNA","ENST00000686825","2",NA,"havana_tagene","lncRNA",NA,NA,"5","ENSE00004286255","1",NA,NA,NA
"7",100328836,100329019,184,"-","havana_tagene","exon",NA,NA,"ENSG00000291178","2",NA,"havana","lncRNA","ENST00000702773","2",NA,"havana_tagene","lncRNA",NA,NA,"3","ENSE00004286255","1",NA,NA,NA
"7",100328836,100329019,184,"-","havana_tagene","exon",NA,NA,"ENSG00000291178","2",NA,"havana","lncRNA","ENST00000675620","3",NA,"havana_tagene","lncRNA",NA,NA,"6","ENSE00004286255","1",NA,NA,NA
"7",100328836,100329019,184,"-","havana_tagene","exon",NA,NA,"ENSG00000291178","2",NA,"havana","lncRNA","ENST00000675640","4",NA,"havana_tagene","lncRNA",NA,NA,"6","ENSE00004286255","1",NA,NA,NA
"7",100328836,100329019,184,"-","havana_tagene","exon",NA,NA,"ENSG00000291178","2",NA,"havana","lncRNA","ENST00000692752","1",NA,"havana_tagene","lncRNA",NA,NA,"6","ENSE00004286255","1",NA,NA,NA
"7",100328836,100329019,184,"-","havana_tagene","exon",NA,NA,"ENSG00000291178","2",NA,"havana","lncRNA","ENST00000702039","2",NA,"havana_tagene","lncRNA",NA,NA,"3","ENSE00004286255","1",NA,NA,NA
"7",100328836,100329019,184,"-","havana_tagene","exon",NA,NA,"ENSG00000291178","2",NA,"havana","lncRNA","ENST00000691660","2",NA,"havana_tagene","lncRNA",NA,NA,"4","ENSE00004286255","1",NA,NA,NA
"7",100328836,100329019,184,"-","havana_tagene","exon",NA,NA,"ENSG00000291178","2",NA,"havana","lncRNA","ENST00000687053","2",NA,"havana_tagene","lncRNA",NA,NA,"5","ENSE00004286255","1",NA,NA,NA
"7",100328836,100329019,184,"-","havana_tagene","exon",NA,NA,"ENSG00000291178","2",NA,"havana","lncRNA","ENST00000702250","2",NA,"havana_tagene","lncRNA",NA,NA,"5","ENSE00004286255","1",NA,NA,NA
"7",100328836,100329194,359,"-","havana_tagene","exon",NA,NA,"ENSG00000291178","2",NA,"havana","lncRNA","ENST00000685607","1",NA,"havana_tagene","lncRNA",NA,NA,"5","ENSE00003928567","1",NA,NA,NA
"7",100328836,100329019,184,"-","havana_tagene","exon",NA,NA,"ENSG00000291178","2",NA,"havana","lncRNA","ENST00000690914","2",NA,"havana_tagene","lncRNA",NA,NA,"5","ENSE00004286255","1",NA,NA,NA
"7",100328836,100329019,184,"-","havana_tagene","exon",NA,NA,"ENSG00000291178","2",NA,"havana","lncRNA","ENST00000692231","2",NA,"havana_tagene","lncRNA",NA,NA,"4","ENSE00004286255","1",NA,NA,NA
"7",100328836,100329019,184,"-","havana_tagene","exon",NA,NA,"ENSG00000291178","2",NA,"havana","lncRNA","ENST00000676269","2",NA,"havana_tagene","lncRNA",NA,NA,"5","ENSE00004286255","1",NA,NA,NA
"7",100328836,100329019,184,"-","havana_tagene","exon",NA,NA,"ENSG00000291178","2",NA,"havana","lncRNA","ENST00000676109","2",NA,"havana_tagene","lncRNA",NA,NA,"5","ENSE00004286255","1",NA,NA,NA
"7",100328836,100329019,184,"-","havana_tagene","exon",NA,NA,"ENSG00000291178","2",NA,"havana","lncRNA","ENST00000843375","1",NA,"havana_tagene","lncRNA","Ensembl_canonical",NA,"5","ENSE00004286255","1",NA,NA,NA
"7",100328836,100329019,184,"-","havana_tagene","exon",NA,NA,"ENSG00000291178","2",NA,"havana","lncRNA","ENST00000843376","1",NA,"havana_tagene","lncRNA","gencode_basic",NA,"5","ENSE00004286255","1",NA,NA,NA
"7",100328836,100329019,184,"-","havana_tagene","exon",NA,NA,"ENSG00000291178","2",NA,"havana","lncRNA","ENST00000843377","1",NA,"havana_tagene","lncRNA",NA,NA,"5","ENSE00004286255","1",NA,NA,NA
"7",100328836,100329019,184,"-","havana_tagene","exon",NA,NA,"ENSG00000291178","2",NA,"havana","lncRNA","ENST00000843378","1",NA,"havana_tagene","lncRNA",NA,NA,"5","ENSE00004286255","1",NA,NA,NA
"7",100328836,100329019,184,"-","havana_tagene","exon",NA,NA,"ENSG00000291178","2",NA,"havana","lncRNA","ENST00000843379","1",NA,"havana_tagene","lncRNA",NA,NA,"5","ENSE00004286255","1",NA,NA,NA
"7",100328836,100329019,184,"-","havana_tagene","exon",NA,NA,"ENSG00000291178","2",NA,"havana","lncRNA","ENST00000843380","1",NA,"havana_tagene","lncRNA",NA,NA,"5","ENSE00004286255","1",NA,NA,NA
"7",100328836,100329019,184,"-","havana_tagene","exon",NA,NA,"ENSG00000291178","2",NA,"havana","lncRNA","ENST00000843382","1",NA,"havana_tagene","lncRNA",NA,NA,"4","ENSE00004286255","1",NA,NA,NA
"7",100328836,100329019,184,"-","havana_tagene","exon",NA,NA,"ENSG00000291178","2",NA,"havana","lncRNA","ENST00000843383","1",NA,"havana_tagene","lncRNA",NA,NA,"4","ENSE00004286255","1",NA,NA,NA
"7",100328836,100329019,184,"-","havana_tagene","exon",NA,NA,"ENSG00000291178","2",NA,"havana","lncRNA","ENST00000843384","1",NA,"havana_tagene","lncRNA",NA,NA,"6","ENSE00004286255","1",NA,NA,NA
"7",100328836,100329019,184,"-","havana_tagene","exon",NA,NA,"ENSG00000291178","2",NA,"havana","lncRNA","ENST00000843385","1",NA,"havana_tagene","lncRNA",NA,NA,"5","ENSE00004286255","1",NA,NA,NA
"7",100328836,100329019,184,"-","havana_tagene","exon",NA,NA,"ENSG00000291178","2",NA,"havana","lncRNA","ENST00000843387","1",NA,"havana_tagene","lncRNA",NA,NA,"2","ENSE00004286255","1",NA,NA,NA
"7",100328836,100329019,184,"-","havana_tagene","exon",NA,NA,"ENSG00000291178","2",NA,"havana","lncRNA","ENST00000843388","1",NA,"havana_tagene","lncRNA",NA,NA,"6","ENSE00004286255","1",NA,NA,NA
"7",100328836,100329019,184,"-","havana_tagene","exon",NA,NA,"ENSG00000291178","2",NA,"havana","lncRNA","ENST00000843389","1",NA,"havana_tagene","lncRNA",NA,NA,"5","ENSE00004286255","1",NA,NA,NA
"7",100328836,100329019,184,"-","havana_tagene","exon",NA,NA,"ENSG00000291178","2",NA,"havana","lncRNA","ENST00000843390","1",NA,"havana_tagene","lncRNA",NA,NA,"5","ENSE00004286255","1",NA,NA,NA
"7",100328836,100329019,184,"-","havana_tagene","exon",NA,NA,"ENSG00000291178","2",NA,"havana","lncRNA","ENST00000843391","1",NA,"havana_tagene","lncRNA",NA,NA,"5","ENSE00004286255","1",NA,NA,NA
"7",100328836,100329019,184,"-","havana_tagene","exon",NA,NA,"ENSG00000291178","2",NA,"havana","lncRNA","ENST00000843392","1",NA,"havana_tagene","lncRNA",NA,NA,"6","ENSE00004286255","1",NA,NA,NA
"7",100328836,100329019,184,"-","havana_tagene","exon",NA,NA,"ENSG00000291178","2",NA,"havana","lncRNA","ENST00000843393","1",NA,"havana_tagene","lncRNA",NA,NA,"5","ENSE00004286255","1",NA,NA,NA
"7",100328836,100329019,184,"-","havana_tagene","exon",NA,NA,"ENSG00000291178","2",NA,"havana","lncRNA","ENST00000843394","1",NA,"havana_tagene","lncRNA",NA,NA,"5","ENSE00004286255","1",NA,NA,NA
"7",100328836,100329019,184,"-","havana_tagene","exon",NA,NA,"ENSG00000291178","2",NA,"havana","lncRNA","ENST00000843395","1",NA,"havana_tagene","lncRNA",NA,NA,"5","ENSE00004286255","1",NA,NA,NA
"7",100328836,100329019,184,"-","havana_tagene","exon",NA,NA,"ENSG00000291178","2",NA,"havana","lncRNA","ENST00000843396","1",NA,"havana_tagene","lncRNA",NA,NA,"5","ENSE00004286255","1",NA,NA,NA
"7",100328836,100329019,184,"-","havana_tagene","exon",NA,NA,"ENSG00000291178","2",NA,"havana","lncRNA","ENST00000843397","1",NA,"havana_tagene","lncRNA",NA,NA,"6","ENSE00004286255","1",NA,NA,NA
"7",100328836,100329019,184,"-","havana_tagene","exon",NA,NA,"ENSG00000291178","2",NA,"havana","lncRNA","ENST00000843398","1",NA,"havana_tagene","lncRNA",NA,NA,"5","ENSE00004286255","1",NA,NA,NA
"7",100328836,100329019,184,"-","havana_tagene","exon",NA,NA,"ENSG00000291178","2",NA,"havana","lncRNA","ENST00000843399","1",NA,"havana_tagene","lncRNA",NA,NA,"5","ENSE00004286255","1",NA,NA,NA
"7",100328836,100329019,184,"-","havana_tagene","exon",NA,NA,"ENSG00000291178","2",NA,"havana","lncRNA","ENST00000843400","1",NA,"havana_tagene","lncRNA",NA,NA,"5","ENSE00004286255","1",NA,NA,NA
"7",100328836,100329019,184,"-","havana_tagene","exon",NA,NA,"ENSG00000291178","2",NA,"havana","lncRNA","ENST00000843401","1",NA,"havana_tagene","lncRNA",NA,NA,"5","ENSE00004286255","1",NA,NA,NA
"7",100328836,100329019,184,"-","havana_tagene","exon",NA,NA,"ENSG00000291178","2",NA,"havana","lncRNA","ENST00000843402","1",NA,"havana_tagene","lncRNA",NA,NA,"5","ENSE00004286255","1",NA,NA,NA
"7",100328836,100329019,184,"-","havana_tagene","exon",NA,NA,"ENSG00000291178","2",NA,"havana","lncRNA","ENST00000843403","1",NA,"havana_tagene","lncRNA","gencode_basic",NA,"5","ENSE00004286255","1",NA,NA,NA
"7",100328836,100329019,184,"-","havana_tagene","exon",NA,NA,"ENSG00000291178","2",NA,"havana","lncRNA","ENST00000843404","1",NA,"havana_tagene","lncRNA",NA,NA,"4","ENSE00004286255","1",NA,NA,NA
"7",100328836,100329019,184,"-","havana_tagene","exon",NA,NA,"ENSG00000291178","2",NA,"havana","lncRNA","ENST00000843405","1",NA,"havana_tagene","lncRNA",NA,NA,"5","ENSE00004286255","1",NA,NA,NA
"7",100328836,100329019,184,"-","havana_tagene","exon",NA,NA,"ENSG00000291178","2",NA,"havana","lncRNA","ENST00000843406","1",NA,"havana_tagene","lncRNA",NA,NA,"5","ENSE00004286255","1",NA,NA,NA
"7",100328836,100329019,184,"-","havana_tagene","exon",NA,NA,"ENSG00000291178","2",NA,"havana","lncRNA","ENST00000843407","1",NA,"havana_tagene","lncRNA",NA,NA,"5","ENSE00004286255","1",NA,NA,NA
"7",100328836,100329019,184,"-","havana_tagene","exon",NA,NA,"ENSG00000291178","2",NA,"havana","lncRNA","ENST00000843408","1",NA,"havana_tagene","lncRNA","gencode_basic",NA,"5","ENSE00004286255","1",NA,NA,NA
"7",100328836,100329019,184,"-","havana_tagene","exon",NA,NA,"ENSG00000291178","2",NA,"havana","lncRNA","ENST00000843409","1",NA,"havana_tagene","lncRNA",NA,NA,"5","ENSE00004286255","1",NA,NA,NA
"7",100328836,100329019,184,"-","havana_tagene","exon",NA,NA,"ENSG00000291178","2",NA,"havana","lncRNA","ENST00000843410","1",NA,"havana_tagene","lncRNA",NA,NA,"5","ENSE00004286255","1",NA,NA,NA
"7",100328836,100329019,184,"-","havana_tagene","exon",NA,NA,"ENSG00000291178","2",NA,"havana","lncRNA","ENST00000843411","1",NA,"havana_tagene","lncRNA",NA,NA,"5","ENSE00004286255","1",NA,NA,NA
"7",100328836,100329019,184,"-","havana_tagene","exon",NA,NA,"ENSG00000291178","2",NA,"havana","lncRNA","ENST00000843412","1",NA,"havana_tagene","lncRNA",NA,NA,"5","ENSE00004286255","1",NA,NA,NA
"7",100328836,100329019,184,"-","havana_tagene","exon",NA,NA,"ENSG00000291178","2",NA,"havana","lncRNA","ENST00000843413","1",NA,"havana_tagene","lncRNA",NA,NA,"5","ENSE00004286255","1",NA,NA,NA
"7",100328836,100329019,184,"-","havana_tagene","exon",NA,NA,"ENSG00000291178","2",NA,"havana","lncRNA","ENST00000843414","1",NA,"havana_tagene","lncRNA",NA,NA,"5","ENSE00004286255","1",NA,NA,NA
"7",100328836,100329019,184,"-","havana_tagene","exon",NA,NA,"ENSG00000291178","2",NA,"havana","lncRNA","ENST00000843415","1",NA,"havana_tagene","lncRNA","gencode_basic",NA,"6","ENSE00004286255","1",NA,NA,NA
"7",100328836,100329019,184,"-","havana_tagene","exon",NA,NA,"ENSG00000291178","2",NA,"havana","lncRNA","ENST00000843416","1",NA,"havana_tagene","lncRNA",NA,NA,"4","ENSE00004286255","1",NA,NA,NA
"7",100328836,100329194,359,"-","havana_tagene","exon",NA,NA,"ENSG00000291178","2",NA,"havana","lncRNA","ENST00000843418","1",NA,"havana_tagene","lncRNA",NA,NA,"5","ENSE00003928567","1",NA,NA,NA
"7",100328836,100329019,184,"-","havana_tagene","exon",NA,NA,"ENSG00000291178","2",NA,"havana","lncRNA","ENST00000843421","1",NA,"havana_tagene","lncRNA",NA,NA,"6","ENSE00004286255","1",NA,NA,NA
"7",100328836,100329019,184,"-","havana_tagene","exon",NA,NA,"ENSG00000291178","2",NA,"havana","lncRNA","ENST00000843422","1",NA,"havana_tagene","lncRNA",NA,NA,"4","ENSE00004286255","1",NA,NA,NA
"7",100328836,100329019,184,"-","havana_tagene","exon",NA,NA,"ENSG00000291178","2",NA,"havana","lncRNA","ENST00000843423","1",NA,"havana_tagene","lncRNA",NA,NA,"5","ENSE00004286255","1",NA,NA,NA
"7",100328836,100329019,184,"-","havana_tagene","exon",NA,NA,"ENSG00000291178","2",NA,"havana","lncRNA","ENST00000843424","1",NA,"havana_tagene","lncRNA",NA,NA,"7","ENSE00004286255","1",NA,NA,NA
"7",100328836,100329019,184,"-","havana_tagene","exon",NA,NA,"ENSG00000291178","2",NA,"havana","lncRNA","ENST00000843425","1",NA,"havana_tagene","lncRNA",NA,NA,"6","ENSE00004286255","1",NA,NA,NA
"7",100328836,100329019,184,"-","havana_tagene","exon",NA,NA,"ENSG00000291178","2",NA,"havana","lncRNA","ENST00000843427","1",NA,"havana_tagene","lncRNA",NA,NA,"5","ENSE00004286255","1",NA,NA,NA
"7",100328836,100329019,184,"-","havana_tagene","exon",NA,NA,"ENSG00000291178","2",NA,"havana","lncRNA","ENST00000843428","1",NA,"havana_tagene","lncRNA",NA,NA,"4","ENSE00004286255","1",NA,NA,NA
"7",100328836,100329019,184,"-","havana_tagene","exon",NA,NA,"ENSG00000291178","2",NA,"havana","lncRNA","ENST00000843430","1",NA,"havana_tagene","lncRNA",NA,NA,"3","ENSE00004286255","1",NA,NA,NA
"7",100328836,100328982,147,"-","havana_tagene","exon",NA,NA,"ENSG00000291178","2",NA,"havana","lncRNA","ENST00000843432","1",NA,"havana_tagene","lncRNA",NA,NA,"5","ENSE00004269454","1",NA,NA,NA
"7",100328836,100329019,184,"-","havana_tagene","exon",NA,NA,"ENSG00000291178","2",NA,"havana","lncRNA","ENST00000843433","1",NA,"havana_tagene","lncRNA",NA,NA,"6","ENSE00004286255","1",NA,NA,NA
"7",100328836,100329019,184,"-","havana_tagene","exon",NA,NA,"ENSG00000291178","2",NA,"havana","lncRNA","ENST00000843438","1",NA,"havana_tagene","lncRNA","gencode_basic",NA,"7","ENSE00004286255","1",NA,NA,NA
"7",100328836,100329019,184,"-","havana_tagene","exon",NA,NA,"ENSG00000291178","2",NA,"havana","lncRNA","ENST00000843439","1",NA,"havana_tagene","lncRNA",NA,NA,"6","ENSE00004286255","1",NA,NA,NA
"7",100328836,100329019,184,"-","havana_tagene","exon",NA,NA,"ENSG00000291178","2",NA,"havana","lncRNA","ENST00000843440","1",NA,"havana_tagene","lncRNA",NA,NA,"6","ENSE00004286255","1",NA,NA,NA
"7",100328836,100329019,184,"-","havana_tagene","exon",NA,NA,"ENSG00000291178","2",NA,"havana","lncRNA","ENST00000843442","1",NA,"havana_tagene","lncRNA",NA,NA,"3","ENSE00004286255","1",NA,NA,NA
"7",100328836,100329019,184,"-","havana_tagene","exon",NA,NA,"ENSG00000291178","2",NA,"havana","lncRNA","ENST00000843444","1",NA,"havana_tagene","lncRNA",NA,NA,"5","ENSE00004286255","1",NA,NA,NA
"7",100328836,100329019,184,"-","havana_tagene","exon",NA,NA,"ENSG00000291178","2",NA,"havana","lncRNA","ENST00000843446","1",NA,"havana_tagene","lncRNA",NA,NA,"5","ENSE00004286255","1",NA,NA,NA
"7",100328836,100329019,184,"-","havana_tagene","exon",NA,NA,"ENSG00000291178","2",NA,"havana","lncRNA","ENST00000843447","1",NA,"havana_tagene","lncRNA","gencode_basic",NA,"5","ENSE00004286255","1",NA,NA,NA
"7",100328836,100329019,184,"-","havana_tagene","exon",NA,NA,"ENSG00000291178","2",NA,"havana","lncRNA","ENST00000843448","1",NA,"havana_tagene","lncRNA",NA,NA,"4","ENSE00004286255","1",NA,NA,NA
"7",100328836,100329194,359,"-","havana_tagene","exon",NA,NA,"ENSG00000291178","2",NA,"havana","lncRNA","ENST00000843450","1",NA,"havana_tagene","lncRNA",NA,NA,"4","ENSE00003928567","1",NA,NA,NA
"7",100328836,100329019,184,"-","havana_tagene","exon",NA,NA,"ENSG00000291178","2",NA,"havana","lncRNA","ENST00000843451","1",NA,"havana_tagene","lncRNA",NA,NA,"5","ENSE00004286255","1",NA,NA,NA
"7",100328836,100329019,184,"-","havana_tagene","exon",NA,NA,"ENSG00000291178","2",NA,"havana","lncRNA","ENST00000843452","1",NA,"havana_tagene","lncRNA",NA,NA,"6","ENSE00004286255","1",NA,NA,NA
"7",100328836,100329019,184,"-","havana_tagene","exon",NA,NA,"ENSG00000291178","2",NA,"havana","lncRNA","ENST00000843454","1",NA,"havana_tagene","lncRNA",NA,NA,"5","ENSE00004286255","1",NA,NA,NA
"7",100328836,100329194,359,"-","havana_tagene","exon",NA,NA,"ENSG00000291178","2",NA,"havana","lncRNA","ENST00000843455","1",NA,"havana_tagene","lncRNA",NA,NA,"5","ENSE00003928567","1",NA,NA,NA
"7",100328836,100329019,184,"-","havana_tagene","exon",NA,NA,"ENSG00000291178","2",NA,"havana","lncRNA","ENST00000843457","1",NA,"havana_tagene","lncRNA",NA,NA,"6","ENSE00004286255","1",NA,NA,NA
"7",100328836,100329019,184,"-","havana_tagene","exon",NA,NA,"ENSG00000291178","2",NA,"havana","lncRNA","ENST00000843460","1",NA,"havana_tagene","lncRNA",NA,NA,"5","ENSE00004286255","1",NA,NA,NA
"7",100328836,100329019,184,"-","havana_tagene","exon",NA,NA,"ENSG00000291178","2",NA,"havana","lncRNA","ENST00000843462","1",NA,"havana_tagene","lncRNA",NA,NA,"4","ENSE00004286255","1",NA,NA,NA
"7",100328836,100329019,184,"-","havana_tagene","exon",NA,NA,"ENSG00000291178","2",NA,"havana","lncRNA","ENST00000843463","1",NA,"havana_tagene","lncRNA",NA,NA,"6","ENSE00004286255","1",NA,NA,NA
"7",100328836,100328982,147,"-","havana_tagene","exon",NA,NA,"ENSG00000291178","2",NA,"havana","lncRNA","ENST00000843466","1",NA,"havana_tagene","lncRNA",NA,NA,"5","ENSE00004269454","1",NA,NA,NA
"7",100328836,100329019,184,"-","havana_tagene","exon",NA,NA,"ENSG00000291178","2",NA,"havana","lncRNA","ENST00000843468","1",NA,"havana_tagene","lncRNA",NA,NA,"4","ENSE00004286255","1",NA,NA,NA
"7",100328836,100329019,184,"-","havana_tagene","exon",NA,NA,"ENSG00000291178","2",NA,"havana","lncRNA","ENST00000843469","1",NA,"havana_tagene","lncRNA",NA,NA,"4","ENSE00004286255","1",NA,NA,NA
"7",100328836,100329019,184,"-","havana_tagene","exon",NA,NA,"ENSG00000291178","2",NA,"havana","lncRNA","ENST00000843471","1",NA,"havana_tagene","lncRNA",NA,NA,"2","ENSE00004286255","1",NA,NA,NA
"7",100328836,100329019,184,"-","havana_tagene","exon",NA,NA,"ENSG00000291178","2",NA,"havana","lncRNA","ENST00000843472","1",NA,"havana_tagene","lncRNA",NA,NA,"6","ENSE00004286255","1",NA,NA,NA
"7",100328836,100329019,184,"-","havana_tagene","exon",NA,NA,"ENSG00000291178","2",NA,"havana","lncRNA","ENST00000843474","1",NA,"havana_tagene","lncRNA",NA,NA,"3","ENSE00004286255","1",NA,NA,NA
"7",100328836,100329019,184,"-","havana_tagene","exon",NA,NA,"ENSG00000291178","2",NA,"havana","lncRNA","ENST00000843476","1",NA,"havana_tagene","lncRNA",NA,NA,"5","ENSE00004286255","1",NA,NA,NA
"7",100328836,100329019,184,"-","havana_tagene","exon",NA,NA,"ENSG00000291178","2",NA,"havana","lncRNA","ENST00000843477","1",NA,"havana_tagene","lncRNA",NA,NA,"6","ENSE00004286255","1",NA,NA,NA
"7",100328836,100329019,184,"-","havana_tagene","exon",NA,NA,"ENSG00000291178","2",NA,"havana","lncRNA","ENST00000843478","1",NA,"havana_tagene","lncRNA",NA,NA,"5","ENSE00004286255","1",NA,NA,NA
"7",100328836,100329194,359,"-","havana_tagene","exon",NA,NA,"ENSG00000291178","2",NA,"havana","lncRNA","ENST00000843479","1",NA,"havana_tagene","lncRNA",NA,NA,"5","ENSE00003928567","1",NA,NA,NA
"7",100328836,100329019,184,"-","havana_tagene","exon",NA,NA,"ENSG00000291178","2",NA,"havana","lncRNA","ENST00000843480","1",NA,"havana_tagene","lncRNA",NA,NA,"4","ENSE00004286255","1",NA,NA,NA
"7",100328836,100329019,184,"-","havana_tagene","exon",NA,NA,"ENSG00000291178","2",NA,"havana","lncRNA","ENST00000843481","1",NA,"havana_tagene","lncRNA",NA,NA,"3","ENSE00004286255","1",NA,NA,NA
"7",100328836,100329194,359,"-","havana_tagene","exon",NA,NA,"ENSG00000291178","2",NA,"havana","lncRNA","ENST00000843482","1",NA,"havana_tagene","lncRNA",NA,NA,"6","ENSE00003928567","1",NA,NA,NA
"7",100328836,100329019,184,"-","havana_tagene","exon",NA,NA,"ENSG00000291178","2",NA,"havana","lncRNA","ENST00000843484","1",NA,"havana_tagene","lncRNA",NA,NA,"6","ENSE00004286255","1",NA,NA,NA
"7",100328836,100329019,184,"-","havana_tagene","exon",NA,NA,"ENSG00000291178","2",NA,"havana","lncRNA","ENST00000843485","1",NA,"havana_tagene","lncRNA",NA,NA,"5","ENSE00004286255","1",NA,NA,NA
"7",100328836,100329019,184,"-","havana_tagene","exon",NA,NA,"ENSG00000291178","2",NA,"havana","lncRNA","ENST00000843486","1",NA,"havana_tagene","lncRNA",NA,NA,"6","ENSE00004286255","1",NA,NA,NA
"7",100328836,100329019,184,"-","havana_tagene","exon",NA,NA,"ENSG00000291178","2",NA,"havana","lncRNA","ENST00000843488","1",NA,"havana_tagene","lncRNA",NA,NA,"6","ENSE00004286255","1",NA,NA,NA
"7",100328836,100329019,184,"-","havana_tagene","exon",NA,NA,"ENSG00000291178","2",NA,"havana","lncRNA","ENST00000843491","1",NA,"havana_tagene","lncRNA",NA,NA,"3","ENSE00004286255","1",NA,NA,NA
"7",100328836,100329194,359,"-","havana_tagene","exon",NA,NA,"ENSG00000291178","2",NA,"havana","lncRNA","ENST00000843492","1",NA,"havana_tagene","lncRNA",NA,NA,"5","ENSE00003928567","1",NA,NA,NA
"7",100328836,100329019,184,"-","havana_tagene","exon",NA,NA,"ENSG00000291178","2",NA,"havana","lncRNA","ENST00000843493","1",NA,"havana_tagene","lncRNA","gencode_basic",NA,"6","ENSE00004286255","1",NA,NA,NA
"7",100328836,100328982,147,"-","havana_tagene","exon",NA,NA,"ENSG00000291178","2",NA,"havana","lncRNA","ENST00000843494","1",NA,"havana_tagene","lncRNA",NA,NA,"5","ENSE00004269454","1",NA,NA,NA
"7",100328836,100328982,147,"-","havana_tagene","exon",NA,NA,"ENSG00000291178","2",NA,"havana","lncRNA","ENST00000843495","1",NA,"havana_tagene","lncRNA",NA,NA,"5","ENSE00004269454","1",NA,NA,NA
"7",100328836,100329019,184,"-","havana_tagene","exon",NA,NA,"ENSG00000291178","2",NA,"havana","lncRNA","ENST00000843496","1",NA,"havana_tagene","lncRNA",NA,NA,"5","ENSE00004286255","1",NA,NA,NA
"7",100328836,100329019,184,"-","havana_tagene","exon",NA,NA,"ENSG00000291178","2",NA,"havana","lncRNA","ENST00000843497","1",NA,"havana_tagene","lncRNA",NA,NA,"5","ENSE00004286255","1",NA,NA,NA
"7",100328836,100329019,184,"-","havana_tagene","exon",NA,NA,"ENSG00000291178","2",NA,"havana","lncRNA","ENST00000843498","1",NA,"havana_tagene","lncRNA",NA,NA,"5","ENSE00004286255","1",NA,NA,NA
"7",100328836,100329019,184,"-","havana_tagene","exon",NA,NA,"ENSG00000291178","2",NA,"havana","lncRNA","ENST00000843499","1",NA,"havana_tagene","lncRNA",NA,NA,"4","ENSE00004286255","1",NA,NA,NA
"7",100328836,100329019,184,"-","havana_tagene","exon",NA,NA,"ENSG00000291178","2",NA,"havana","lncRNA","ENST00000843500","1",NA,"havana_tagene","lncRNA",NA,NA,"6","ENSE00004286255","1",NA,NA,NA
"7",100328836,100329019,184,"-","havana_tagene","exon",NA,NA,"ENSG00000291178","2",NA,"havana","lncRNA","ENST00000843501","1",NA,"havana_tagene","lncRNA",NA,NA,"6","ENSE00004286255","1",NA,NA,NA
"7",100328836,100329019,184,"-","havana_tagene","exon",NA,NA,"ENSG00000291178","2",NA,"havana","lncRNA","ENST00000843502","1",NA,"havana_tagene","lncRNA",NA,NA,"5","ENSE00004286255","1",NA,NA,NA
"7",100328836,100329019,184,"-","havana_tagene","exon",NA,NA,"ENSG00000291178","2",NA,"havana","lncRNA","ENST00000843505","1",NA,"havana_tagene","lncRNA",NA,NA,"6","ENSE00004286255","1",NA,NA,NA
"7",100328836,100329019,184,"-","havana_tagene","exon",NA,NA,"ENSG00000291178","2",NA,"havana","lncRNA","ENST00000843506","1",NA,"havana_tagene","lncRNA",NA,NA,"4","ENSE00004286255","1",NA,NA,NA
"7",100328836,100329019,184,"-","havana_tagene","exon",NA,NA,"ENSG00000291178","2",NA,"havana","lncRNA","ENST00000843507","1",NA,"havana_tagene","lncRNA",NA,NA,"3","ENSE00004286255","1",NA,NA,NA
"7",100328836,100329194,359,"-","havana_tagene","exon",NA,NA,"ENSG00000291178","2",NA,"havana","lncRNA","ENST00000843508","1",NA,"havana_tagene","lncRNA",NA,NA,"5","ENSE00003928567","1",NA,NA,NA
"7",100328836,100329019,184,"-","havana_tagene","exon",NA,NA,"ENSG00000291178","2",NA,"havana","lncRNA","ENST00000843509","1",NA,"havana_tagene","lncRNA",NA,NA,"3","ENSE00004286255","1",NA,NA,NA
"7",100328836,100329019,184,"-","havana_tagene","exon",NA,NA,"ENSG00000291178","2",NA,"havana","lncRNA","ENST00000843510","1",NA,"havana_tagene","lncRNA",NA,NA,"6","ENSE00004286255","1",NA,NA,NA
"7",100328836,100329019,184,"-","havana_tagene","exon",NA,NA,"ENSG00000291178","2",NA,"havana","lncRNA","ENST00000843511","1",NA,"havana_tagene","lncRNA",NA,NA,"5","ENSE00004286255","1",NA,NA,NA
"7",100328836,100328982,147,"-","havana_tagene","exon",NA,NA,"ENSG00000291178","2",NA,"havana","lncRNA","ENST00000843512","1",NA,"havana_tagene","lncRNA",NA,NA,"5","ENSE00004269454","1",NA,NA,NA
"7",100328836,100328914,79,"-","havana_tagene","exon",NA,NA,"ENSG00000291178","2",NA,"havana","lncRNA","ENST00000843513","1",NA,"havana_tagene","lncRNA",NA,NA,"5","ENSE00004269450","1",NA,NA,NA
"7",100328836,100329019,184,"-","havana_tagene","exon",NA,NA,"ENSG00000291178","2",NA,"havana","lncRNA","ENST00000843514","1",NA,"havana_tagene","lncRNA",NA,NA,"6","ENSE00004286255","1",NA,NA,NA
"7",100328836,100329019,184,"-","havana_tagene","exon",NA,NA,"ENSG00000291178","2",NA,"havana","lncRNA","ENST00000843515","1",NA,"havana_tagene","lncRNA",NA,NA,"4","ENSE00004286255","1",NA,NA,NA
"7",100328836,100329019,184,"-","havana_tagene","exon",NA,NA,"ENSG00000291178","2",NA,"havana","lncRNA","ENST00000843517","1",NA,"havana_tagene","lncRNA",NA,NA,"6","ENSE00004286255","1",NA,NA,NA
"7",100328836,100329019,184,"-","havana_tagene","exon",NA,NA,"ENSG00000291178","2",NA,"havana","lncRNA","ENST00000843518","1",NA,"havana_tagene","lncRNA",NA,NA,"5","ENSE00004286255","1",NA,NA,NA
"7",100328836,100328982,147,"-","havana_tagene","exon",NA,NA,"ENSG00000291178","2",NA,"havana","lncRNA","ENST00000843520","1",NA,"havana_tagene","lncRNA",NA,NA,"5","ENSE00004269454","1",NA,NA,NA
"7",100328836,100329194,359,"-","havana_tagene","exon",NA,NA,"ENSG00000291178","2",NA,"havana","lncRNA","ENST00000843521","1",NA,"havana_tagene","lncRNA",NA,NA,"5","ENSE00003928567","1",NA,NA,NA
"7",100328836,100329019,184,"-","havana_tagene","exon",NA,NA,"ENSG00000291178","2",NA,"havana","lncRNA","ENST00000843522","1",NA,"havana_tagene","lncRNA",NA,NA,"4","ENSE00004286255","1",NA,NA,NA
"7",100328836,100329019,184,"-","havana_tagene","exon",NA,NA,"ENSG00000291178","2",NA,"havana","lncRNA","ENST00000843524","1",NA,"havana_tagene","lncRNA",NA,NA,"6","ENSE00004286255","1",NA,NA,NA
"7",100328836,100329019,184,"-","havana_tagene","exon",NA,NA,"ENSG00000291178","2",NA,"havana","lncRNA","ENST00000843525","1",NA,"havana_tagene","lncRNA",NA,NA,"5","ENSE00004286255","1",NA,NA,NA
"7",100328836,100329019,184,"-","havana_tagene","exon",NA,NA,"ENSG00000291178","2",NA,"havana","lncRNA","ENST00000843526","1",NA,"havana_tagene","lncRNA",NA,NA,"3","ENSE00004286255","1",NA,NA,NA
"7",100328836,100329019,184,"-","havana_tagene","exon",NA,NA,"ENSG00000291178","2",NA,"havana","lncRNA","ENST00000843527","1",NA,"havana_tagene","lncRNA",NA,NA,"6","ENSE00004286255","1",NA,NA,NA
"7",100328836,100329019,184,"-","havana_tagene","exon",NA,NA,"ENSG00000291178","2",NA,"havana","lncRNA","ENST00000843528","1",NA,"havana_tagene","lncRNA",NA,NA,"5","ENSE00004286255","1",NA,NA,NA
"7",100328836,100329019,184,"-","havana_tagene","exon",NA,NA,"ENSG00000291178","2",NA,"havana","lncRNA","ENST00000843529","1",NA,"havana_tagene","lncRNA",NA,NA,"4","ENSE00004286255","1",NA,NA,NA
"7",100328836,100329019,184,"-","havana_tagene","exon",NA,NA,"ENSG00000291178","2",NA,"havana","lncRNA","ENST00000843530","1",NA,"havana_tagene","lncRNA",NA,NA,"6","ENSE00004286255","1",NA,NA,NA
"7",100328836,100329019,184,"-","havana_tagene","exon",NA,NA,"ENSG00000291178","2",NA,"havana","lncRNA","ENST00000843531","1",NA,"havana_tagene","lncRNA",NA,NA,"6","ENSE00004286255","1",NA,NA,NA
"7",100328836,100329019,184,"-","havana_tagene","exon",NA,NA,"ENSG00000291178","2",NA,"havana","lncRNA","ENST00000843532","1",NA,"havana_tagene","lncRNA","gencode_basic",NA,"7","ENSE00004286255","1",NA,NA,NA
"7",100328836,100329019,184,"-","havana_tagene","exon",NA,NA,"ENSG00000291178","2",NA,"havana","lncRNA","ENST00000843533","1",NA,"havana_tagene","lncRNA",NA,NA,"5","ENSE00004286255","1",NA,NA,NA
"7",100328836,100329019,184,"-","havana_tagene","exon",NA,NA,"ENSG00000291178","2",NA,"havana","lncRNA","ENST00000843534","1",NA,"havana_tagene","lncRNA",NA,NA,"6","ENSE00004286255","1",NA,NA,NA
"7",100328836,100329019,184,"-","havana_tagene","exon",NA,NA,"ENSG00000291178","2",NA,"havana","lncRNA","ENST00000843535","1",NA,"havana_tagene","lncRNA",NA,NA,"6","ENSE00004286255","1",NA,NA,NA
"7",100328836,100329019,184,"-","havana_tagene","exon",NA,NA,"ENSG00000291178","2",NA,"havana","lncRNA","ENST00000843536","1",NA,"havana_tagene","lncRNA",NA,NA,"5","ENSE00004286255","1",NA,NA,NA
"7",100328836,100329019,184,"-","havana_tagene","exon",NA,NA,"ENSG00000291178","2",NA,"havana","lncRNA","ENST00000843538","1",NA,"havana_tagene","lncRNA",NA,NA,"7","ENSE00004286255","1",NA,NA,NA
"7",100328836,100329019,184,"-","havana_tagene","exon",NA,NA,"ENSG00000291178","2",NA,"havana","lncRNA","ENST00000843539","1",NA,"havana_tagene","lncRNA","gencode_basic",NA,"6","ENSE00004286255","1",NA,NA,NA
"7",100328836,100329019,184,"-","havana_tagene","exon",NA,NA,"ENSG00000291178","2",NA,"havana","lncRNA","ENST00000843540","1",NA,"havana_tagene","lncRNA",NA,NA,"6","ENSE00004286255","1",NA,NA,NA
"7",100328836,100329019,184,"-","havana_tagene","exon",NA,NA,"ENSG00000291178","2",NA,"havana","lncRNA","ENST00000843541","1",NA,"havana_tagene","lncRNA",NA,NA,"5","ENSE00004286255","1",NA,NA,NA
"7",100328836,100329019,184,"-","havana_tagene","exon",NA,NA,"ENSG00000291178","2",NA,"havana","lncRNA","ENST00000843542","1",NA,"havana_tagene","lncRNA",NA,NA,"4","ENSE00004286255","1",NA,NA,NA
"7",100328836,100329019,184,"-","havana_tagene","exon",NA,NA,"ENSG00000291178","2",NA,"havana","lncRNA","ENST00000843543","1",NA,"havana_tagene","lncRNA",NA,NA,"6","ENSE00004286255","1",NA,NA,NA
"7",100328836,100329019,184,"-","havana_tagene","exon",NA,NA,"ENSG00000291178","2",NA,"havana","lncRNA","ENST00000843544","1",NA,"havana_tagene","lncRNA",NA,NA,"5","ENSE00004286255","1",NA,NA,NA
"7",100328836,100329019,184,"-","havana_tagene","exon",NA,NA,"ENSG00000291178","2",NA,"havana","lncRNA","ENST00000843545","1",NA,"havana_tagene","lncRNA",NA,NA,"5","ENSE00004286255","1",NA,NA,NA
"7",100328836,100329019,184,"-","havana_tagene","exon",NA,NA,"ENSG00000291178","2",NA,"havana","lncRNA","ENST00000843546","1",NA,"havana_tagene","lncRNA",NA,NA,"4","ENSE00004286255","1",NA,NA,NA
"7",100328836,100329019,184,"-","havana_tagene","exon",NA,NA,"ENSG00000291178","2",NA,"havana","lncRNA","ENST00000843547","1",NA,"havana_tagene","lncRNA",NA,NA,"5","ENSE00004286255","1",NA,NA,NA
"7",100328836,100329019,184,"-","havana_tagene","exon",NA,NA,"ENSG00000291178","2",NA,"havana","lncRNA","ENST00000843548","1",NA,"havana_tagene","lncRNA",NA,NA,"5","ENSE00004286255","1",NA,NA,NA
"7",100328836,100329019,184,"-","havana_tagene","exon",NA,NA,"ENSG00000291178","2",NA,"havana","lncRNA","ENST00000843549","1",NA,"havana_tagene","lncRNA",NA,NA,"5","ENSE00004286255","1",NA,NA,NA
"7",100328836,100329019,184,"-","havana_tagene","exon",NA,NA,"ENSG00000291178","2",NA,"havana","lncRNA","ENST00000843560","1",NA,"havana_tagene","lncRNA",NA,NA,"4","ENSE00004286255","1",NA,NA,NA
"7",100329788,100330284,497,"-","havana_tagene","exon",NA,NA,"ENSG00000291178","2",NA,"havana","lncRNA","ENST00000686263","3",NA,"havana_tagene","lncRNA",NA,NA,"4","ENSE00004269567","1",NA,NA,NA
"7",100329796,100330549,754,"-","havana_tagene","exon",NA,NA,"ENSG00000291178","2",NA,"havana","lncRNA","ENST00000843561","1",NA,"havana_tagene","lncRNA",NA,NA,"3","ENSE00004269473","1",NA,NA,NA
"7",100329799,100330549,751,"-","havana_tagene","exon",NA,NA,"ENSG00000291178","2",NA,"havana","lncRNA","ENST00000702222","2",NA,"havana_tagene","lncRNA",NA,NA,"3","ENSE00004269456","1",NA,NA,NA
"7",100329807,100330284,478,"-","havana_tagene","exon",NA,NA,"ENSG00000291178","2",NA,"havana","lncRNA","ENST00000686768","3",NA,"havana_tagene","lncRNA",NA,NA,"3","ENSE00004269509","1",NA,NA,NA
"7",100338772,100338886,115,"+","havana","exon",NA,NA,"ENSG00000242294","7","STAG3L5P","havana","transcribed_unprocessed_pseudogene","ENST00000443759","1","STAG3L5P-201","havana","transcribed_unprocessed_pseudogene","Ensembl_canonical","NA","2","ENSE00001782491","1",NA,NA,NA
"7",100338773,100338889,117,"+","havana","exon",NA,NA,"ENSG00000272752","7","STAG3L5P-PVRIG2P-PILRB","havana","lncRNA","ENST00000473757","5","STAG3L5P-PVRIG2P-PILRB-208","havana","retained_intron",NA,"1","3","ENSE00003707114","1",NA,NA,NA
"7",100338773,100338889,117,"+","havana","exon",NA,NA,"ENSG00000272752","7","STAG3L5P-PVRIG2P-PILRB","havana","lncRNA","ENST00000470714","5","STAG3L5P-PVRIG2P-PILRB-206","havana","lncRNA","gencode_basic","3","3","ENSE00003707114","1",NA,NA,NA
"7",100338773,100338889,117,"+","havana","exon",NA,NA,"ENSG00000272752","7","STAG3L5P-PVRIG2P-PILRB","havana","lncRNA","ENST00000310771","8","STAG3L5P-PVRIG2P-PILRB-201","havana","lncRNA","Ensembl_canonical","2","3","ENSE00003707114","1",NA,NA,NA
"7",100338773,100338889,117,"+","havana","exon",NA,NA,"ENSG00000272752","7","STAG3L5P-PVRIG2P-PILRB","havana","lncRNA","ENST00000483329","6","STAG3L5P-PVRIG2P-PILRB-209","havana","lncRNA","gencode_basic","5","3","ENSE00003707114","1",NA,NA,NA
"7",100338773,100338990,218,"+","havana","exon",NA,NA,"ENSG00000272752","7","STAG3L5P-PVRIG2P-PILRB","havana","lncRNA","ENST00000414292","5","STAG3L5P-PVRIG2P-PILRB-202","havana","lncRNA","gencode_basic","2","3","ENSE00001599133","1",NA,NA,NA
"7",100338773,100338889,117,"+","havana","exon",NA,NA,"ENSG00000272752","7","STAG3L5P-PVRIG2P-PILRB","havana","lncRNA","ENST00000422479","5","STAG3L5P-PVRIG2P-PILRB-203","havana","lncRNA","gencode_basic","2","3","ENSE00003707114","1",NA,NA,NA
"7",100338773,100338889,117,"+","havana","exon",NA,NA,"ENSG00000272752","7","STAG3L5P-PVRIG2P-PILRB","havana","lncRNA","ENST00000444874","5","STAG3L5P-PVRIG2P-PILRB-205","havana","lncRNA",NA,"2","3","ENSE00003707114","1",NA,NA,NA
"7",100338773,100338889,117,"+","havana","exon",NA,NA,"ENSG00000272752","7","STAG3L5P-PVRIG2P-PILRB","havana","lncRNA","ENST00000488972","6","STAG3L5P-PVRIG2P-PILRB-210","havana","lncRNA","gencode_basic","4","4","ENSE00003707114","1",NA,NA,NA
"7",100338773,100338805,33,"+","havana","exon",NA,NA,"ENSG00000272752","7","STAG3L5P-PVRIG2P-PILRB","havana","lncRNA","ENST00000434211","1","STAG3L5P-PVRIG2P-PILRB-204","havana","lncRNA","gencode_basic","4","3","ENSE00001619872","1",NA,NA,NA
"7",100338773,100338889,117,"+","havana","exon",NA,NA,"ENSG00000272752","7","STAG3L5P-PVRIG2P-PILRB","havana","lncRNA","ENST00000493499","1","STAG3L5P-PVRIG2P-PILRB-211","havana","lncRNA","gencode_basic","2","2","ENSE00003707114","1",NA,NA,NA
"7",100340945,100341328,384,"+","havana","exon",NA,NA,"ENSG00000272752","7","STAG3L5P-PVRIG2P-PILRB","havana","lncRNA","ENST00000422479","5","STAG3L5P-PVRIG2P-PILRB-203","havana","lncRNA","gencode_basic","2","4","ENSE00001733330","1",NA,NA,NA
"7",100345865,100345968,104,"+","havana","exon",NA,NA,"ENSG00000272752","7","STAG3L5P-PVRIG2P-PILRB","havana","lncRNA","ENST00000473757","5","STAG3L5P-PVRIG2P-PILRB-208","havana","retained_intron",NA,"1","4","ENSE00003706042","1",NA,NA,NA
"7",100345865,100345968,104,"+","havana","exon",NA,NA,"ENSG00000272752","7","STAG3L5P-PVRIG2P-PILRB","havana","lncRNA","ENST00000470714","5","STAG3L5P-PVRIG2P-PILRB-206","havana","lncRNA","gencode_basic","3","4","ENSE00003706042","1",NA,NA,NA
"7",100345865,100345968,104,"+","havana","exon",NA,NA,"ENSG00000272752","7","STAG3L5P-PVRIG2P-PILRB","havana","lncRNA","ENST00000310771","8","STAG3L5P-PVRIG2P-PILRB-201","havana","lncRNA","Ensembl_canonical","2","4","ENSE00003706042","1",NA,NA,NA
"7",100345865,100345968,104,"+","havana","exon",NA,NA,"ENSG00000272752","7","STAG3L5P-PVRIG2P-PILRB","havana","lncRNA","ENST00000483329","6","STAG3L5P-PVRIG2P-PILRB-209","havana","lncRNA","gencode_basic","5","4","ENSE00003706042","1",NA,NA,NA
"7",100345865,100345968,104,"+","havana","exon",NA,NA,"ENSG00000272752","7","STAG3L5P-PVRIG2P-PILRB","havana","lncRNA","ENST00000444874","5","STAG3L5P-PVRIG2P-PILRB-205","havana","lncRNA",NA,"2","4","ENSE00003706042","1",NA,NA,NA
"7",100345865,100345968,104,"+","havana","exon",NA,NA,"ENSG00000272752","7","STAG3L5P-PVRIG2P-PILRB","havana","lncRNA","ENST00000488972","6","STAG3L5P-PVRIG2P-PILRB-210","havana","lncRNA","gencode_basic","4","5","ENSE00003706042","1",NA,NA,NA
"7",100345865,100345968,104,"+","havana","exon",NA,NA,"ENSG00000272752","7","STAG3L5P-PVRIG2P-PILRB","havana","lncRNA","ENST00000493499","1","STAG3L5P-PVRIG2P-PILRB-211","havana","lncRNA","gencode_basic","2","3","ENSE00003706042","1",NA,NA,NA
"7",100349717,100350158,442,"+","havana","exon",NA,NA,"ENSG00000272752","7","STAG3L5P-PVRIG2P-PILRB","havana","lncRNA","ENST00000493499","1","STAG3L5P-PVRIG2P-PILRB-211","havana","lncRNA","gencode_basic","2","4","ENSE00001875658","1",NA,NA,NA
"7",100352564,100352914,351,"+","havana","exon",NA,NA,"ENSG00000235333","3","PVRIG2P","havana","transcribed_unprocessed_pseudogene","ENST00000435460","1","PVRIG2P-201","havana","transcribed_unprocessed_pseudogene","Ensembl_canonical","NA","2","ENSE00003520625","1",NA,NA,NA
"7",100352564,100352914,351,"+","havana","exon",NA,NA,"ENSG00000272752","7","STAG3L5P-PVRIG2P-PILRB","havana","lncRNA","ENST00000444874","5","STAG3L5P-PVRIG2P-PILRB-205","havana","lncRNA",NA,"2","8","ENSE00003702733","1",NA,NA,NA
"7",100352761,100352914,154,"+","havana","exon",NA,NA,"ENSG00000272752","7","STAG3L5P-PVRIG2P-PILRB","havana","lncRNA","ENST00000310771","8","STAG3L5P-PVRIG2P-PILRB-201","havana","lncRNA","Ensembl_canonical","2","9","ENSE00003702941","1",NA,NA,NA
"7",100353373,100353692,320,"+","havana","exon",NA,NA,"ENSG00000235333","3","PVRIG2P","havana","transcribed_unprocessed_pseudogene","ENST00000435460","1","PVRIG2P-201","havana","transcribed_unprocessed_pseudogene","Ensembl_canonical","NA","5","ENSE00001635280","1",NA,NA,NA
"7",100353373,100354012,640,"+","havana","exon",NA,NA,"ENSG00000272752","7","STAG3L5P-PVRIG2P-PILRB","havana","lncRNA","ENST00000310771","8","STAG3L5P-PVRIG2P-PILRB-201","havana","lncRNA","Ensembl_canonical","2","12","ENSE00003709102","1",NA,NA,NA
"7",100355143,100355240,98,"+","havana","exon",NA,NA,"ENSG00000272752","7","STAG3L5P-PVRIG2P-PILRB","havana","lncRNA","ENST00000310771","8","STAG3L5P-PVRIG2P-PILRB-201","havana","lncRNA","Ensembl_canonical","2","13","ENSE00003708033","1",NA,NA,NA
"7",100355143,100355240,98,"+","havana","exon",NA,NA,"ENSG00000272752","7","STAG3L5P-PVRIG2P-PILRB","havana","lncRNA","ENST00000444874","5","STAG3L5P-PVRIG2P-PILRB-205","havana","lncRNA",NA,"2","12","ENSE00003708033","1",NA,NA,NA
"7",100355143,100355240,98,"+","havana","exon",NA,NA,"ENSG00000272752","7","STAG3L5P-PVRIG2P-PILRB","havana","lncRNA","ENST00000472646","1","STAG3L5P-PVRIG2P-PILRB-207","havana","lncRNA","gencode_basic","5","3","ENSE00003708033","1",NA,NA,NA
"7",100356750,100356883,134,"+","havana","exon",NA,NA,"ENSG00000272752","7","STAG3L5P-PVRIG2P-PILRB","havana","lncRNA","ENST00000310771","8","STAG3L5P-PVRIG2P-PILRB-201","havana","lncRNA","Ensembl_canonical","2","14","ENSE00003710338","1",NA,NA,NA
"7",100356750,100356883,134,"+","havana","exon",NA,NA,"ENSG00000272752","7","STAG3L5P-PVRIG2P-PILRB","havana","lncRNA","ENST00000444874","5","STAG3L5P-PVRIG2P-PILRB-205","havana","lncRNA",NA,"2","13","ENSE00003710338","1",NA,NA,NA
"7",100356750,100356883,134,"+","havana","exon",NA,NA,"ENSG00000272752","7","STAG3L5P-PVRIG2P-PILRB","havana","lncRNA","ENST00000472646","1","STAG3L5P-PVRIG2P-PILRB-207","havana","lncRNA","gencode_basic","5","4","ENSE00003710338","1",NA,NA,NA
"7",100358220,100358366,147,"+","havana","exon",NA,NA,"ENSG00000272752","7","STAG3L5P-PVRIG2P-PILRB","havana","lncRNA","ENST00000310771","8","STAG3L5P-PVRIG2P-PILRB-201","havana","lncRNA","Ensembl_canonical","2","15","ENSE00003708956","1",NA,NA,NA
"7",100358220,100358366,147,"+","havana","exon",NA,NA,"ENSG00000272752","7","STAG3L5P-PVRIG2P-PILRB","havana","lncRNA","ENST00000444874","5","STAG3L5P-PVRIG2P-PILRB-205","havana","lncRNA",NA,"2","14","ENSE00003708956","1",NA,NA,NA
"7",100358220,100358292,73,"+","havana","exon",NA,NA,"ENSG00000272752","7","STAG3L5P-PVRIG2P-PILRB","havana","lncRNA","ENST00000472646","1","STAG3L5P-PVRIG2P-PILRB-207","havana","lncRNA","gencode_basic","5","5","ENSE00001862145","1",NA,NA,NA
"7",100359337,100359537,201,"+","havana","exon",NA,NA,"ENSG00000272752","7","STAG3L5P-PVRIG2P-PILRB","havana","lncRNA","ENST00000310771","8","STAG3L5P-PVRIG2P-PILRB-201","havana","lncRNA","Ensembl_canonical","2","17","ENSE00003709953","1",NA,NA,NA
"7",100359337,100359537,201,"+","havana","exon",NA,NA,"ENSG00000272752","7","STAG3L5P-PVRIG2P-PILRB","havana","lncRNA","ENST00000444874","5","STAG3L5P-PVRIG2P-PILRB-205","havana","lncRNA",NA,"2","16","ENSE00003709953","1",NA,NA,NA
"7",100367349,100367831,483,"+","havana","exon",NA,NA,"ENSG00000272752","7","STAG3L5P-PVRIG2P-PILRB","havana","lncRNA","ENST00000310771","8","STAG3L5P-PVRIG2P-PILRB-201","havana","lncRNA","Ensembl_canonical","2","18","ENSE00001591288","1",NA,NA,NA
"7",100367349,100367663,315,"+","havana","exon",NA,NA,"ENSG00000272752","7","STAG3L5P-PVRIG2P-PILRB","havana","lncRNA","ENST00000444874","5","STAG3L5P-PVRIG2P-PILRB-205","havana","lncRNA",NA,"2","17","ENSE00001697106","1",NA,NA,NA
"7",100408454,100409364,911,"+","havana","exon",NA,NA,"ENSG00000289691","1",NA,"havana","lncRNA","ENST00000695703","1",NA,"havana","lncRNA",NA,NA,"4","ENSE00003964780","1",NA,NA,NA
"7",100408454,100409714,1261,"+","havana","exon",NA,NA,"ENSG00000289691","1",NA,"havana","lncRNA","ENST00000695706","1",NA,"havana","lncRNA","gencode_basic",NA,"3","ENSE00003964776","1",NA,NA,NA
"7",100419116,100420722,1607,"+","havana","exon",NA,NA,"ENSG00000289691","1",NA,"havana","lncRNA","ENST00000695704","1",NA,"havana","lncRNA","Ensembl_canonical",NA,"6","ENSE00003964663","1",NA,NA,NA
"7",100419116,100420722,1607,"+","havana","exon",NA,NA,"ENSG00000289691","1",NA,"havana","lncRNA","ENST00000695665","1",NA,"havana","lncRNA",NA,NA,"5","ENSE00003964663","1",NA,NA,NA
"7",100419116,100419864,749,"+","havana","exon",NA,NA,"ENSG00000289691","1",NA,"havana","lncRNA","ENST00000695706","1",NA,"havana","lncRNA","gencode_basic",NA,"5","ENSE00003964773","1",NA,NA,NA
"7",100482181,100483022,842,"-","havana_tagene","exon",NA,NA,"ENSG00000286938","2",NA,"havana_tagene","lncRNA","ENST00000774226","1",NA,"havana_tagene","lncRNA","Ensembl_canonical",NA,"2","ENSE00004140007","1",NA,NA,NA
"7",100482221,100483022,802,"-","havana_tagene","exon",NA,NA,"ENSG00000286938","2",NA,"havana_tagene","lncRNA","ENST00000663999","1",NA,"havana_tagene","lncRNA",NA,NA,"2","ENSE00003866352","1",NA,NA,NA
"10",91765899,91767196,1298,"-","havana","exon",NA,NA,"ENSG00000228759","1","FAF2P1","havana","transcribed_processed_pseudogene","ENST00000429974","1","FAF2P1-201","havana","transcribed_processed_pseudogene","Ensembl_canonical","NA","1","ENSE00001770459","1",NA,NA,NA
"10",91852587,91852789,203,"-","havana_tagene","exon",NA,NA,"ENSG00000302365","1",NA,"havana_tagene","lncRNA","ENST00000786182","1",NA,"havana_tagene","lncRNA",NA,NA,"3","ENSE00004162680","1",NA,NA,NA
"11",118754458,118754940,483,"+","havana_tagene","exon",NA,NA,"ENSG00000308658","1",NA,"havana_tagene","lncRNA","ENST00000835569","1",NA,"havana_tagene","lncRNA","Ensembl_canonical",NA,"2","ENSE00004254214","1",NA,NA,NA
"11",118754458,118754950,493,"+","havana_tagene","exon",NA,NA,"ENSG00000308658","1",NA,"havana_tagene","lncRNA","ENST00000835570","1",NA,"havana_tagene","lncRNA","gencode_basic",NA,"2","ENSE00004254216","1",NA,NA,NA
"11",118754829,118754936,108,"+","havana_tagene","exon",NA,NA,"ENSG00000308658","1",NA,"havana_tagene","lncRNA","ENST00000835571","1",NA,"havana_tagene","lncRNA","gencode_basic",NA,"3","ENSE00004254212","1",NA,NA,NA
"11",118791025,118793137,2113,"+","havana_tagene","exon",NA,NA,"ENSG00000278376","3",NA,"havana","lncRNA","ENST00000610705","3",NA,"havana_tagene","lncRNA","Ensembl_canonical","NA (assigned to previous version 1)","1","ENSE00004254651","1",NA,NA,NA
"11",118791529,118791744,216,"-","havana_tagene","exon",NA,NA,"ENSG00000308708","1",NA,"havana_tagene","lncRNA","ENST00000835918","1",NA,"havana_tagene","lncRNA","Ensembl_canonical",NA,"1","ENSE00004254846","1",NA,NA,NA
"12",29277955,29281542,3588,"-","havana_tagene","exon",NA,NA,"ENSG00000257176","4",NA,"havana","lncRNA","ENST00000655500","1",NA,"havana_tagene","lncRNA","gencode_basic",NA,"2","ENSE00003858547","1",NA,NA,NA
"12",29280418,29281542,1125,"-","havana_tagene","exon",NA,NA,"ENSG00000257176","4",NA,"havana","lncRNA","ENST00000553105","2",NA,"havana_tagene","lncRNA","Ensembl_canonical","2 (assigned to previous version 1)","7","ENSE00002355990","1",NA,NA,NA
"12",29282164,29283251,1088,"-","havana_tagene","exon",NA,NA,"ENSG00000257176","4",NA,"havana","lncRNA","ENST00000655500","1",NA,"havana_tagene","lncRNA","gencode_basic",NA,"1","ENSE00003853389","1",NA,NA,NA
"12",29389281,29394817,5537,"+","havana_tagene","exon",NA,NA,"ENSG00000257599","6","OVCH1-AS1","havana","lncRNA","ENST00000641955","2","OVCH1-AS1-204","havana_tagene","lncRNA","gencode_basic",NA,"1","ENSE00004071761","1",NA,NA,NA
"12",29389294,29389853,560,"+","havana_tagene","exon",NA,NA,"ENSG00000257599","6","OVCH1-AS1","havana","lncRNA","ENST00000551108","3","OVCH1-AS1-203","havana_tagene","lncRNA","Ensembl_canonical","2 (assigned to previous version 1)","1","ENSE00004071763","1",NA,NA,NA
"12",29390104,29391855,1752,"+","havana_tagene","exon",NA,NA,"ENSG00000257599","6","OVCH1-AS1","havana","lncRNA","ENST00000737462","1","OVCH1-AS1-210","havana_tagene","lncRNA","gencode_basic",NA,"2","ENSE00004071765","1",NA,NA,NA
"15",30823597,30823771,175,"+","havana_tagene","exon",NA,NA,"ENSG00000307338","1",NA,"havana_tagene","lncRNA","ENST00000825164","1",NA,"havana_tagene","lncRNA","Ensembl_canonical",NA,"6","ENSE00004235216","1",NA,NA,NA
"15",30823597,30823771,175,"+","havana","exon",NA,NA,"ENSG00000259845","1","HERC2P10","havana","transcribed_unprocessed_pseudogene","ENST00000570209","1","HERC2P10-201","havana","transcribed_unprocessed_pseudogene","Ensembl_canonical","NA","5","ENSE00002602589","1",NA,NA,NA
"15",40480752,40481315,564,"-","havana","exon",NA,NA,"ENSG00000244251","1",NA,"havana","processed_pseudogene","ENST00000489027","1",NA,"havana","processed_pseudogene","Ensembl_canonical","NA","1","ENSE00001919460","1",NA,NA,NA
"16",3106783,3108331,1549,"+","havana_tagene","exon",NA,NA,"ENSG00000263011","4",NA,"havana","lncRNA","ENST00000806769","1",NA,"havana_tagene","lncRNA","gencode_basic",NA,"1","ENSE00004200132","1",NA,NA,NA
"16",3108059,3108331,273,"+","havana_tagene","exon",NA,NA,"ENSG00000263011","4",NA,"havana","lncRNA","ENST00000806760","1",NA,"havana_tagene","lncRNA",NA,NA,"2","ENSE00004200130","1",NA,NA,NA
"16",31648307,31649222,916,"+","havana","exon",NA,NA,"ENSG00000237185","1","VN1R66P","havana","unprocessed_pseudogene","ENST00000412929","1","VN1R66P-201","havana","unprocessed_pseudogene","Ensembl_canonical","NA","1","ENSE00001719093","1",NA,NA,NA
"16",31699676,31699954,279,"-","havana","exon",NA,NA,"ENSG00000260568","1",NA,"havana","lncRNA","ENST00000563338","1",NA,"havana","lncRNA","Ensembl_canonical","3","3","ENSE00002603290","1",NA,NA,NA
"16",62769960,62770268,309,"+","havana_tagene","exon",NA,NA,"ENSG00000296008","1",NA,"havana_tagene","lncRNA","ENST00000735370","1",NA,"havana_tagene","lncRNA",NA,NA,"4","ENSE00004067969","1",NA,NA,NA
"16",77742668,77743000,333,"-","havana_tagene","exon",NA,NA,"ENSG00000261707","2",NA,"havana","lncRNA","ENST00000817334","1",NA,"havana_tagene","lncRNA",NA,NA,"3","ENSE00004221009","1",NA,NA,NA
"16",77742843,77743000,158,"-","havana_tagene","exon",NA,NA,"ENSG00000261707","2",NA,"havana","lncRNA","ENST00000563690","2",NA,"havana_tagene","lncRNA","Ensembl_canonical","3 (assigned to previous version 1)","3","ENSE00002606070","1",NA,NA,NA
"16",78525189,78526535,1347,"-","havana","exon",NA,NA,"ENSG00000279887","1",NA,"havana","TEC","ENST00000623121","1",NA,"havana","TEC","Ensembl_canonical","NA","1","ENSE00003758507","1",NA,NA,NA
"19",22685167,22686732,1566,"+","havana","exon",NA,NA,"ENSG00000198153","8","ZNF849P","havana","unprocessed_pseudogene","ENST00000594711","1","ZNF849P-201","havana","unprocessed_pseudogene","Ensembl_canonical","NA","1","ENSE00003063908","1",NA,NA,NA
"19",37401404,37403846,2443,"-","havana","exon",NA,NA,"ENSG00000279936","1",NA,"havana","TEC","ENST00000624962","1",NA,"havana","TEC","Ensembl_canonical","NA","1","ENSE00003755467","1",NA,NA,NA
"19",58278966,58280609,1644,"+","havana","exon",NA,NA,"ENSG00000267216","1","ZNF8-ERVK3-1","havana","lncRNA","ENST00000591325","1","ZNF8-ERVK3-1-201","havana","lncRNA","Ensembl_canonical","2","1","ENSE00002914847","1",NA,NA,NA
"20",31285317,31286835,1519,"-","havana","exon",NA,NA,"ENSG00000224628","2","CDK5RAP3P1","havana","processed_pseudogene","ENST00000445194","2","CDK5RAP3P1-201","havana","processed_pseudogene","Ensembl_canonical","NA","1","ENSE00001770848","2",NA,NA,NA
"20",35284612,35285065,454,"+","havana_tagene","exon",NA,NA,"ENSG00000235214","2","FAM83C-AS1","havana","lncRNA","ENST00000765532","1","FAM83C-AS1-204","havana_tagene","lncRNA",NA,NA,"1","ENSE00004123469","1",NA,NA,NA
"20",35284805,35285065,261,"+","havana_tagene","exon",NA,NA,"ENSG00000235214","2","FAM83C-AS1","havana","lncRNA","ENST00000765533","1","FAM83C-AS1-205","havana_tagene","lncRNA",NA,NA,"1","ENSE00004123471","1",NA,NA,NA
"20",35284807,35285759,953,"+","havana_tagene","exon",NA,NA,"ENSG00000235214","2","FAM83C-AS1","havana","lncRNA","ENST00000765531","1","FAM83C-AS1-203","havana_tagene","lncRNA","gencode_basic",NA,"2","ENSE00004123459","1",NA,NA,NA
"20",35284820,35285065,246,"+","havana_tagene","exon",NA,NA,"ENSG00000235214","2","FAM83C-AS1","havana","lncRNA","ENST00000765534","1","FAM83C-AS1-206","havana_tagene","lncRNA",NA,NA,"1","ENSE00004123470","1",NA,NA,NA
"20",35284851,35285065,215,"+","havana_tagene","exon",NA,NA,"ENSG00000235214","2","FAM83C-AS1","havana","lncRNA","ENST00000765535","1","FAM83C-AS1-207","havana_tagene","lncRNA",NA,NA,"1","ENSE00004123466","1",NA,NA,NA
"20",35284869,35285065,197,"+","havana_tagene","exon",NA,NA,"ENSG00000235214","2","FAM83C-AS1","havana","lncRNA","ENST00000765536","1","FAM83C-AS1-208","havana_tagene","lncRNA",NA,NA,"1","ENSE00004123461","1",NA,NA,NA
"20",35284895,35285315,421,"+","havana_tagene","exon",NA,NA,"ENSG00000235214","2","FAM83C-AS1","havana","lncRNA","ENST00000765537","1","FAM83C-AS1-209","havana_tagene","lncRNA",NA,NA,"1","ENSE00004123463","1",NA,NA,NA
"22",21941102,21977632,36531,"+","havana","exon",NA,NA,"ENSG00000224086","7","PPM1F-AS1","havana","lncRNA","ENST00000458178","2","PPM1F-AS1-201","havana","lncRNA","Ensembl_canonical","1","2","ENSE00001738777","2",NA,NA,NA
